Business Name,Location,Category,Annual Trade Volume (M USD),Main Trading Partner,Trade Type,Subcategory,Business Size,Established Year,Contact Info,Phone,Preferred Trade Route,Trade Growth Rate (%),Currency,Trade Frequency (per year),Recency of Last Trade (months),Trade Success Rate (%),Partner Rating,Price Fluctuation (%),Region,IndustrySector,BusinessID,LogisticsAccess,TargetMarket,MarketAccessScore,TraditionalIndustryScore,EgyptianAdvantageScore,Business Features
International Fruits Agriculture Egypt,"Luxor, Egypt",Agriculture,4.76,Nigeria,Both,Fruits,Small,1984,info@internationalfr.eg,20298258781,Via Alexandria Port,-10.0,USD,24,0,85.59,4.7,5.76,Upper Egypt,Agriculture - Fruits,1,2,Africa,5,5.0,4.1,"{'trade_volume': 4.76, 'growth_rate': -10.0, 'success_rate': 85.59, 'trade_frequency': 24, 'business_size': 'Small', 'trade_type': 'Both', 'category': 'Agriculture', 'egyptian_advantage': 4.1, 'location_region': 'Upper Egypt'}"
Grains Agriculture Group,"Port Said, Egypt",Agriculture,700.0,Japan,Importer,Grains,Large,2008,info@grainsagricultu.eg,20133689941,Via Port Said Port,10.96,USD,365,5,75.53,3.9,7.34,Mediterranean Coast,Agriculture - Grains,2,5,Asia,3,5.0,4.4,"{'trade_volume': 700.0, 'growth_rate': 10.96, 'success_rate': 75.53, 'trade_frequency': 365, 'business_size': 'Large', 'trade_type': 'Importer', 'category': 'Agriculture', 'egyptian_advantage': 4.4, 'location_region': 'Mediterranean Coast'}"
Flowers Agriculture Exports,"Port Tawfik, Egypt",Agriculture,57.04,Malaysia,Both,Flowers,Medium,2002,info@flowersagricult.eg,20165626005,Via Port Tawfik Port,1.88,USD,189,0,77.81,3.9,7.86,Other Egypt,Agriculture - Flowers,3,2,Asia,3,5.0,3.5,"{'trade_volume': 57.04, 'growth_rate': 1.88, 'success_rate': 77.81, 'trade_frequency': 189, 'business_size': 'Medium', 'trade_type': 'Both', 'category': 'Agriculture', 'egyptian_advantage': 3.5, 'location_region': 'Other Egypt'}"
El Fabrics Textiles,"6th of October, Egypt",Textiles,15.62,Argentina,Exporter,Fabrics,Small,2019,info@elfabricstextil.eg,20244096797,Via Safaga Port,7.55,USD,59,1,72.83,4.0,1.73,Other Egypt,Textiles - Fabrics,4,2,MENA,3,5.0,3.5,"{'trade_volume': 15.62, 'growth_rate': 7.55, 'success_rate': 72.83, 'trade_frequency': 59, 'business_size': 'Small', 'trade_type': 'Exporter', 'category': 'Textiles', 'egyptian_advantage': 3.5, 'location_region': 'Other Egypt'}"
International Souvenirs Tourism Egypt,"Kafr El Sheikh, Egypt",Tourism,82.33,Lebanon,Importer,Souvenirs,Medium,2008,info@internationalso.eg,20279518637,Via Damietta Port,-9.3,USD,262,5,88.37,4.1,4.85,Other Egypt,Tourism - Souvenirs,5,2,MENA,3,3.0,2.7,"{'trade_volume': 82.33, 'growth_rate': -9.3, 'success_rate': 88.37, 'trade_frequency': 262, 'business_size': 'Medium', 'trade_type': 'Importer', 'category': 'Tourism', 'egyptian_advantage': 2.7, 'location_region': 'Other Egypt'}"
Silver Metals Trading Egypt,"Safaga, Egypt",Metals,2.12,Brazil,Both,Silver,Small,2020,info@silvermetalstra.eg,20386087328,Via Suez Port,2.18,USD,16,2,77.09,3.7,3.31,Other Egypt,Metals - Silver,6,2,MENA,3,4.0,3.1,"{'trade_volume': 2.12, 'growth_rate': 2.18, 'success_rate': 77.09, 'trade_frequency': 16, 'business_size': 'Small', 'trade_type': 'Both', 'category': 'Metals', 'egyptian_advantage': 3.1, 'location_region': 'Other Egypt'}"
Egypt Silver Metals Company,"Qena, Egypt",Metals,328.74,Kenya,Both,Silver,Large,2012,info@egyptsilvermeta.eg,20244968694,Via Safaga Port,9.47,USD,365,2,75.74,4.1,13.43,Upper Egypt,Metals - Silver,7,2,Africa,5,4.0,3.7,"{'trade_volume': 328.74, 'growth_rate': 9.47, 'success_rate': 75.74, 'trade_frequency': 365, 'business_size': 'Large', 'trade_type': 'Both', 'category': 'Metals', 'egyptian_advantage': 3.7, 'location_region': 'Upper Egypt'}"
Delta Office Furniture,"Port Said, Egypt",Furniture,2.44,Spain,Importer,Office,Small,1981,info@deltaofficefurn.eg,20180759942,Via Port Said Port,-10.0,USD,14,0,63.09,2.6,1.0,Mediterranean Coast,Furniture - Office,8,5,Europe,5,3.0,4.2,"{'trade_volume': 2.44, 'growth_rate': -10.0, 'success_rate': 63.09, 'trade_frequency': 14, 'business_size': 'Small', 'trade_type': 'Importer', 'category': 'Furniture', 'egyptian_advantage': 4.2, 'location_region': 'Mediterranean Coast'}"
Delta Fabrics Textiles,"Zagazig, Egypt",Textiles,11.09,Spain,Exporter,Fabrics,Small,2016,info@deltafabricstex.eg,20391344276,Via Alexandria Port,9.86,USD,54,6,69.22,2.5,5.24,Other Egypt,Textiles - Fabrics,9,2,Europe,3,5.0,3.5,"{'trade_volume': 11.09, 'growth_rate': 9.86, 'success_rate': 69.22, 'trade_frequency': 54, 'business_size': 'Small', 'trade_type': 'Exporter', 'category': 'Textiles', 'egyptian_advantage': 3.5, 'location_region': 'Other Egypt'}"
Suez Canal Aluminum Metals,"Port Tawfik, Egypt",Metals,4.83,Germany,Exporter,Aluminum,Small,1991,info@suezcanalalumin.eg,20145331464,Via Port Said Port,7.02,USD,26,0,70.62,3.8,1.83,Other Egypt,Metals - Aluminum,10,2,Europe,3,4.0,3.1,"{'trade_volume': 4.83, 'growth_rate': 7.02, 'success_rate': 70.62, 'trade_frequency': 26, 'business_size': 'Small', 'trade_type': 'Exporter', 'category': 'Metals', 'egyptian_advantage': 3.1, 'location_region': 'Other Egypt'}"
Pharaoh Detergents Chemicals,"6th of October, Egypt",Chemicals,13.73,Chile,Importer,Detergents,Medium,2016,info@pharaohdetergen.eg,20165985862,Via Suez Port,5.24,USD,47,3,75.95,4.0,11.8,Other Egypt,Chemicals - Detergents,11,2,MENA,3,4.0,3.1,"{'trade_volume': 13.73, 'growth_rate': 5.24, 'success_rate': 75.95, 'trade_frequency': 47, 'business_size': 'Medium', 'trade_type': 'Importer', 'category': 'Chemicals', 'egyptian_advantage': 3.1, 'location_region': 'Other Egypt'}"
Egypt Grains Agriculture Company,"Luxor, Egypt",Agriculture,12.75,Ghana,Exporter,Grains,Small,1986,info@egyptgrainsagri.eg,20120709549,Via Alexandria Port,-0.18,USD,48,6,80.22,4.3,10.02,Upper Egypt,Agriculture - Grains,12,2,Africa,5,5.0,4.1,"{'trade_volume': 12.75, 'growth_rate': -0.18, 'success_rate': 80.22, 'trade_frequency': 48, 'business_size': 'Small', 'trade_type': 'Exporter', 'category': 'Agriculture', 'egyptian_advantage': 4.1, 'location_region': 'Upper Egypt'}"
Premium Herbal Pharmaceuticals,"Kafr El Sheikh, Egypt",Pharmaceuticals,57.38,China,Exporter,Herbal,Medium,1999,info@premiumherbalph.eg,20310893645,Via Suez Port,-0.77,USD,197,2,82.21,4.2,9.31,Other Egypt,Pharmaceuticals - Herbal,13,2,Asia,3,4.0,3.1,"{'trade_volume': 57.38, 'growth_rate': -0.77, 'success_rate': 82.21, 'trade_frequency': 197, 'business_size': 'Medium', 'trade_type': 'Exporter', 'category': 'Pharmaceuticals', 'egyptian_advantage': 3.1, 'location_region': 'Other Egypt'}"
Modern Fruits Agriculture,"Safaga, Egypt",Agriculture,592.21,Netherlands,Importer,Fruits,Large,2022,info@modernfruitsagr.eg,20312183611,Via Alexandria Port,-0.96,USD,365,4,89.45,4.3,14.8,Other Egypt,Agriculture - Fruits,14,2,Europe,3,5.0,3.5,"{'trade_volume': 592.21, 'growth_rate': -0.96, 'success_rate': 89.45, 'trade_frequency': 365, 'business_size': 'Large', 'trade_type': 'Importer', 'category': 'Agriculture', 'egyptian_advantage': 3.5, 'location_region': 'Other Egypt'}"
Modern Medical Supplies Pharmaceuticals,"Luxor, Egypt",Pharmaceuticals,5.67,South Africa,Importer,Medical Supplies,Small,2013,info@modernmedicalsu.eg,20330586679,Via Safaga Port,12.91,USD,28,6,75.15,3.9,7.46,Upper Egypt,Pharmaceuticals - Medical Supplies,15,2,Africa,5,4.0,3.7,"{'trade_volume': 5.67, 'growth_rate': 12.91, 'success_rate': 75.15, 'trade_frequency': 28, 'business_size': 'Small', 'trade_type': 'Importer', 'category': 'Pharmaceuticals', 'egyptian_advantage': 3.7, 'location_region': 'Upper Egypt'}"
Cosmetics Chemicals Egypt,"Beni Suef, Egypt",Chemicals,0.68,Kenya,Importer,Cosmetics,Small,1993,info@cosmeticschemic.eg,20354947015,Via Suez Port,-9.24,USD,10,5,65.83,3.2,13.54,Upper Egypt,Chemicals - Cosmetics,16,2,Africa,5,4.0,3.7,"{'trade_volume': 0.68, 'growth_rate': -9.24, 'success_rate': 65.83, 'trade_frequency': 10, 'business_size': 'Small', 'trade_type': 'Importer', 'category': 'Chemicals', 'egyptian_advantage': 3.7, 'location_region': 'Upper Egypt'}"
Cairo Wooden Furniture,"Damanhur, Egypt",Furniture,10.63,Qatar,Both,Wooden,Small,1985,info@cairowoodenfurn.eg,20330412171,Via Suez Port,-8.33,USD,46,5,77.82,4.0,13.88,Other Egypt,Furniture - Wooden,17,2,MENA,3,3.0,2.7,"{'trade_volume': 10.63, 'growth_rate': -8.33, 'success_rate': 77.82, 'trade_frequency': 46, 'business_size': 'Small', 'trade_type': 'Both', 'category': 'Furniture', 'egyptian_advantage': 2.7, 'location_region': 'Other Egypt'}"
Canned Foods Food Processing Egypt,"Ismailia, Egypt",Food Processing,97.85,Ethiopia,Exporter,Canned Foods,Medium,1993,info@cannedfoodsfood.eg,20251995656,Via Ismailia Port,-3.93,USD,304,4,79.47,3.6,8.18,Suez Canal,Food Processing - Canned Foods,18,5,Africa,3,3.0,3.6,"{'trade_volume': 97.85, 'growth_rate': -3.93, 'success_rate': 79.47, 'trade_frequency': 304, 'business_size': 'Medium', 'trade_type': 'Exporter', 'category': 'Food Processing', 'egyptian_advantage': 3.6, 'location_region': 'Suez Canal'}"
Premium Communications Electronics,"Dahab, Egypt",Electronics,298.51,India,Both,Communications,Large,2011,info@premiumcommunic.eg,20180709216,Via Port Said Port,4.38,USD,365,3,86.11,4.2,13.87,Other Egypt,Electronics - Communications,19,2,Asia,3,3.0,2.7,"{'trade_volume': 298.51, 'growth_rate': 4.38, 'success_rate': 86.11, 'trade_frequency': 365, 'business_size': 'Large', 'trade_type': 'Both', 'category': 'Electronics', 'egyptian_advantage': 2.7, 'location_region': 'Other Egypt'}"
Alexandria Dairy Food Processing,"New Cairo, Egypt",Food Processing,35.41,Argentina,Both,Dairy,Medium,2016,info@alexandriadairy.eg,20370366613,Via Alexandria Port,12.94,USD,120,0,98.0,5.0,14.46,Greater Cairo,Food Processing - Dairy,20,4,MENA,4,3.0,3.6000000000000005,"{'trade_volume': 35.41, 'growth_rate': 12.94, 'success_rate': 98.0, 'trade_frequency': 120, 'business_size': 'Medium', 'trade_type': 'Both', 'category': 'Food Processing', 'egyptian_advantage': 3.6000000000000005, 'location_region': 'Greater Cairo'}"
Cement Construction Egypt,"New Cairo, Egypt",Construction,35.96,Germany,Both,Cement,Medium,2018,info@cementconstruct.eg,20150527695,Via Safaga Port,0.81,USD,122,6,68.63,3.5,13.46,Greater Cairo,Construction - Cement,21,4,Europe,3,3.0,3.3000000000000003,"{'trade_volume': 35.96, 'growth_rate': 0.81, 'success_rate': 68.63, 'trade_frequency': 122, 'business_size': 'Medium', 'trade_type': 'Both', 'category': 'Construction', 'egyptian_advantage': 3.3000000000000003, 'location_region': 'Greater Cairo'}"
Egypt Herbal Pharmaceuticals Company,"Qena, Egypt",Pharmaceuticals,233.26,Indonesia,Exporter,Herbal,Large,2005,info@egyptherbalphar.eg,20115821007,Via Port Said Port,6.02,USD,365,3,74.11,3.9,3.59,Upper Egypt,Pharmaceuticals - Herbal,22,2,Asia,2,4.0,2.8000000000000003,"{'trade_volume': 233.26, 'growth_rate': 6.02, 'success_rate': 74.11, 'trade_frequency': 365, 'business_size': 'Large', 'trade_type': 'Exporter', 'category': 'Pharmaceuticals', 'egyptian_advantage': 2.8000000000000003, 'location_region': 'Upper Egypt'}"
Alexandria Plastics Chemicals,"Kafr El Sheikh, Egypt",Chemicals,11.66,Tanzania,Exporter,Plastics,Small,2019,info@alexandriaplast.eg,20134364730,Via Port Said Port,-5.63,USD,58,1,72.67,4.1,14.35,Other Egypt,Chemicals - Plastics,23,2,MENA,3,4.0,3.1,"{'trade_volume': 11.66, 'growth_rate': -5.63, 'success_rate': 72.67, 'trade_frequency': 58, 'business_size': 'Small', 'trade_type': 'Exporter', 'category': 'Chemicals', 'egyptian_advantage': 3.1, 'location_region': 'Other Egypt'}"
Tanta Medical Supplies Pharmaceuticals,"Tanta, Egypt",Pharmaceuticals,9.32,United States,Exporter,Medical Supplies,Small,1997,info@tantamedicalsup.eg,20371679143,Via Alexandria Port,-2.41,USD,36,6,69.95,3.2,4.86,Nile Delta,Pharmaceuticals - Medical Supplies,24,3,MENA,3,4.0,3.4,"{'trade_volume': 9.32, 'growth_rate': -2.41, 'success_rate': 69.95, 'trade_frequency': 36, 'business_size': 'Small', 'trade_type': 'Exporter', 'category': 'Pharmaceuticals', 'egyptian_advantage': 3.4, 'location_region': 'Nile Delta'}"
Cement Construction House,"Damietta, Egypt",Construction,136.38,India,Importer,Cement,Large,1990,info@cementconstruct.eg,20331376115,Via Damietta Port,-9.0,USD,365,0,98.0,4.8,5.46,Mediterranean Coast,Construction - Cement,25,5,Asia,3,3.0,3.6,"{'trade_volume': 136.38, 'growth_rate': -9.0, 'success_rate': 98.0, 'trade_frequency': 365, 'business_size': 'Large', 'trade_type': 'Importer', 'category': 'Construction', 'egyptian_advantage': 3.6, 'location_region': 'Mediterranean Coast'}"
Herbal Pharmaceuticals House,"Qena, Egypt",Pharmaceuticals,6.63,Lebanon,Both,Herbal,Small,1982,info@herbalpharmaceu.eg,20190364518,Via Suez Port,-5.21,USD,34,2,82.46,4.2,9.63,Upper Egypt,Pharmaceuticals - Herbal,26,2,MENA,3,4.0,3.1,"{'trade_volume': 6.63, 'growth_rate': -5.21, 'success_rate': 82.46, 'trade_frequency': 34, 'business_size': 'Small', 'trade_type': 'Both', 'category': 'Pharmaceuticals', 'egyptian_advantage': 3.1, 'location_region': 'Upper Egypt'}"
El Resorts Tourism,"Ismailia, Egypt",Tourism,28.18,Oman,Importer,Resorts,Medium,1996,info@elresortstouris.eg,20226559313,Via Ismailia Port,3.77,USD,95,5,82.96,4.1,7.97,Suez Canal,Tourism - Resorts,27,5,MENA,5,3.0,4.2,"{'trade_volume': 28.18, 'growth_rate': 3.77, 'success_rate': 82.96, 'trade_frequency': 95, 'business_size': 'Medium', 'trade_type': 'Importer', 'category': 'Tourism', 'egyptian_advantage': 4.2, 'location_region': 'Suez Canal'}"
Silver Metals Group,"Suez, Egypt",Metals,54.84,Spain,Exporter,Silver,Medium,1987,info@silvermetalsgro.eg,20260904042,Via Suez Port,-10.0,USD,176,5,95.73,4.9,9.97,Suez Canal,Metals - Silver,28,5,Europe,4,4.0,4.3,"{'trade_volume': 54.84, 'growth_rate': -10.0, 'success_rate': 95.73, 'trade_frequency': 176, 'business_size': 'Medium', 'trade_type': 'Exporter', 'category': 'Metals', 'egyptian_advantage': 4.3, 'location_region': 'Suez Canal'}"
Outdoor Furniture Industries,"Ismailia, Egypt",Furniture,15.71,Argentina,Exporter,Outdoor,Small,1992,info@outdoorfurnitur.eg,20396179522,Via Ismailia Port,8.3,USD,67,6,72.37,3.9,7.91,Suez Canal,Furniture - Outdoor,29,5,MENA,5,3.0,4.2,"{'trade_volume': 15.71, 'growth_rate': 8.3, 'success_rate': 72.37, 'trade_frequency': 67, 'business_size': 'Small', 'trade_type': 'Exporter', 'category': 'Furniture', 'egyptian_advantage': 4.2, 'location_region': 'Suez Canal'}"
Medicine Pharmaceuticals Egypt,"Sharm El Sheikh, Egypt",Pharmaceuticals,11.8,Ethiopia,Exporter,Medicine,Medium,1993,info@medicinepharmac.eg,20115766946,Via Alexandria Port,4.76,USD,50,6,90.52,4.7,10.76,Sinai,Pharmaceuticals - Medicine,30,3,Africa,3,4.0,3.4,"{'trade_volume': 11.8, 'growth_rate': 4.76, 'success_rate': 90.52, 'trade_frequency': 50, 'business_size': 'Medium', 'trade_type': 'Exporter', 'category': 'Pharmaceuticals', 'egyptian_advantage': 3.4, 'location_region': 'Sinai'}"
Premium Garments Textiles,"Fayoum, Egypt",Textiles,2.44,Tunisia,Importer,Garments,Small,2009,info@premiumgarments.eg,20231074032,Via Alexandria Port,-2.18,USD,31,2,68.62,3.7,14.5,Upper Egypt,Textiles - Garments,31,2,Africa,5,5.0,4.1,"{'trade_volume': 2.44, 'growth_rate': -2.18, 'success_rate': 68.62, 'trade_frequency': 31, 'business_size': 'Small', 'trade_type': 'Importer', 'category': 'Textiles', 'egyptian_advantage': 4.1, 'location_region': 'Upper Egypt'}"
Communications Electronics Egypt,"Alexandria, Egypt",Electronics,95.82,Mexico,Exporter,Communications,Medium,2016,info@communicationse.eg,20292773410,Via Alexandria Port,-10.0,USD,304,3,89.33,4.4,5.52,Mediterranean Coast,Electronics - Communications,32,5,MENA,4,3.0,3.9000000000000004,"{'trade_volume': 95.82, 'growth_rate': -10.0, 'success_rate': 89.33, 'trade_frequency': 304, 'business_size': 'Medium', 'trade_type': 'Exporter', 'category': 'Electronics', 'egyptian_advantage': 3.9000000000000004, 'location_region': 'Mediterranean Coast'}"
Cosmetics Chemicals Trading Egypt,"Ismailia, Egypt",Chemicals,63.24,Kuwait,Importer,Cosmetics,Medium,1999,info@cosmeticschemic.eg,20118959517,Via Ismailia Port,-8.79,USD,200,0,76.43,4.0,3.45,Suez Canal,Chemicals - Cosmetics,33,5,MENA,5,4.0,4.6,"{'trade_volume': 63.24, 'growth_rate': -8.79, 'success_rate': 76.43, 'trade_frequency': 200, 'business_size': 'Medium', 'trade_type': 'Importer', 'category': 'Chemicals', 'egyptian_advantage': 4.6, 'location_region': 'Suez Canal'}"
International Detergents Chemicals Egypt,"Damanhur, Egypt",Chemicals,12.66,Jordan,Exporter,Detergents,Small,1984,info@internationalde.eg,20331532261,Via Alexandria Port,-10.0,USD,53,4,89.34,4.2,8.54,Other Egypt,Chemicals - Detergents,34,2,MENA,3,4.0,3.1,"{'trade_volume': 12.66, 'growth_rate': -10.0, 'success_rate': 89.34, 'trade_frequency': 53, 'business_size': 'Small', 'trade_type': 'Exporter', 'category': 'Chemicals', 'egyptian_advantage': 3.1, 'location_region': 'Other Egypt'}"
Modern Detergents Chemicals,"Tanta, Egypt",Chemicals,246.96,Oman,Both,Detergents,Large,1998,info@moderndetergent.eg,20299797606,Via Port Said Port,-4.68,USD,365,1,57.73,2.6,1.78,Nile Delta,Chemicals - Detergents,35,3,MENA,3,4.0,3.4,"{'trade_volume': 246.96, 'growth_rate': -4.68, 'success_rate': 57.73, 'trade_frequency': 365, 'business_size': 'Large', 'trade_type': 'Both', 'category': 'Chemicals', 'egyptian_advantage': 3.4, 'location_region': 'Nile Delta'}"
Golden Vegetables Agriculture,"Damanhur, Egypt",Agriculture,377.44,Nigeria,Importer,Vegetables,Large,1990,info@goldenvegetable.eg,20342825239,Via Damietta Port,0.49,USD,365,3,88.86,4.7,1.01,Other Egypt,Agriculture - Vegetables,36,2,Africa,3,5.0,3.5,"{'trade_volume': 377.44, 'growth_rate': 0.49, 'success_rate': 88.86, 'trade_frequency': 365, 'business_size': 'Large', 'trade_type': 'Importer', 'category': 'Agriculture', 'egyptian_advantage': 3.5, 'location_region': 'Other Egypt'}"
Pottery Handicrafts Exports,"Mansoura, Egypt",Handicrafts,3.99,Lebanon,Importer,Pottery,Small,2020,info@potteryhandicra.eg,20366511976,Via Safaga Port,-10.0,USD,27,3,79.78,4.0,10.78,Nile Delta,Handicrafts - Pottery,37,3,MENA,3,3.0,3.0,"{'trade_volume': 3.99, 'growth_rate': -10.0, 'success_rate': 79.78, 'trade_frequency': 27, 'business_size': 'Small', 'trade_type': 'Importer', 'category': 'Handicrafts', 'egyptian_advantage': 3.0, 'location_region': 'Nile Delta'}"
Golden Herbal Pharmaceuticals,"Damietta, Egypt",Pharmaceuticals,14.32,Kenya,Exporter,Herbal,Small,2003,info@goldenherbalpha.eg,20261388369,Via Damietta Port,11.62,USD,61,0,80.78,4.5,13.03,Mediterranean Coast,Pharmaceuticals - Herbal,38,5,Africa,3,4.0,4.0,"{'trade_volume': 14.32, 'growth_rate': 11.62, 'success_rate': 80.78, 'trade_frequency': 61, 'business_size': 'Small', 'trade_type': 'Exporter', 'category': 'Pharmaceuticals', 'egyptian_advantage': 4.0, 'location_region': 'Mediterranean Coast'}"
Egypt Medicine Pharmaceuticals Company,"Kafr El Sheikh, Egypt",Pharmaceuticals,292.77,Ethiopia,Both,Medicine,Large,2002,info@egyptmedicineph.eg,20171817618,Via Safaga Port,-6.98,USD,365,5,62.99,3.1,6.44,Other Egypt,Pharmaceuticals - Medicine,39,2,Africa,3,4.0,3.1,"{'trade_volume': 292.77, 'growth_rate': -6.98, 'success_rate': 62.99, 'trade_frequency': 365, 'business_size': 'Large', 'trade_type': 'Both', 'category': 'Pharmaceuticals', 'egyptian_advantage': 3.1, 'location_region': 'Other Egypt'}"
Greater Cairo Dates Agriculture,"6th of October, Egypt",Agriculture,20.19,Mexico,Importer,Dates,Small,1995,info@greatercairodat.eg,20233655133,Via Damietta Port,-10.0,USD,78,1,82.29,4.1,6.21,Other Egypt,Agriculture - Dates,40,2,MENA,3,5.0,3.5,"{'trade_volume': 20.19, 'growth_rate': -10.0, 'success_rate': 82.29, 'trade_frequency': 78, 'business_size': 'Small', 'trade_type': 'Importer', 'category': 'Agriculture', 'egyptian_advantage': 3.5, 'location_region': 'Other Egypt'}"
Greater Cairo Spices Food Processing,"6th of October, Egypt",Food Processing,1.23,Indonesia,Importer,Spices,Small,1994,info@greatercairospi.eg,20147827655,Via Port Said Port,-9.32,USD,25,5,79.58,3.6,2.12,Other Egypt,Food Processing - Spices,41,2,Asia,3,3.0,2.7,"{'trade_volume': 1.23, 'growth_rate': -9.32, 'success_rate': 79.58, 'trade_frequency': 25, 'business_size': 'Small', 'trade_type': 'Importer', 'category': 'Food Processing', 'egyptian_advantage': 2.7, 'location_region': 'Other Egypt'}"
Delta Computers Electronics,"6th of October, Egypt",Electronics,67.54,Kuwait,Exporter,Computers,Medium,2018,info@deltacomputerse.eg,20399281602,Via Port Said Port,4.41,USD,217,2,64.35,3.1,13.29,Other Egypt,Electronics - Computers,42,2,MENA,3,3.0,2.7,"{'trade_volume': 67.54, 'growth_rate': 4.41, 'success_rate': 64.35, 'trade_frequency': 217, 'business_size': 'Medium', 'trade_type': 'Exporter', 'category': 'Electronics', 'egyptian_advantage': 2.7, 'location_region': 'Other Egypt'}"
Canned Foods Food Processing of Egypt,"Giza, Egypt",Food Processing,19.06,Bahrain,Exporter,Canned Foods,Medium,1985,info@cannedfoodsfood.eg,20220525741,Via Port Said Port,-8.9,USD,68,0,69.01,3.8,6.56,Greater Cairo,Food Processing - Canned Foods,43,4,MENA,4,3.0,3.6000000000000005,"{'trade_volume': 19.06, 'growth_rate': -8.9, 'success_rate': 69.01, 'trade_frequency': 68, 'business_size': 'Medium', 'trade_type': 'Exporter', 'category': 'Food Processing', 'egyptian_advantage': 3.6000000000000005, 'location_region': 'Greater Cairo'}"
Ancient Detergents Chemicals,"Suez, Egypt",Chemicals,47.07,India,Both,Detergents,Medium,1998,info@ancientdetergen.eg,20312259615,Via Damietta Port,-2.95,USD,166,4,87.23,4.0,1.9,Suez Canal,Chemicals - Detergents,44,5,Asia,5,4.0,4.6,"{'trade_volume': 47.07, 'growth_rate': -2.95, 'success_rate': 87.23, 'trade_frequency': 166, 'business_size': 'Medium', 'trade_type': 'Both', 'category': 'Chemicals', 'egyptian_advantage': 4.6, 'location_region': 'Suez Canal'}"
Medicine Pharmaceuticals Trading Egypt,"Port Said, Egypt",Pharmaceuticals,18.59,Italy,Importer,Medicine,Small,1999,info@medicinepharmac.eg,20323697622,Via Port Said Port,2.99,USD,72,2,83.19,4.2,4.64,Mediterranean Coast,Pharmaceuticals - Medicine,45,5,Europe,5,4.0,4.6,"{'trade_volume': 18.59, 'growth_rate': 2.99, 'success_rate': 83.19, 'trade_frequency': 72, 'business_size': 'Small', 'trade_type': 'Importer', 'category': 'Pharmaceuticals', 'egyptian_advantage': 4.6, 'location_region': 'Mediterranean Coast'}"
Premium Bricks Construction,"Sohag, Egypt",Construction,14.02,Nigeria,Importer,Bricks,Medium,1985,info@premiumbricksco.eg,20294934443,Via Damietta Port,-9.41,USD,58,4,71.26,3.6,3.71,Upper Egypt,Construction - Bricks,46,2,Africa,5,3.0,3.3000000000000003,"{'trade_volume': 14.02, 'growth_rate': -9.41, 'success_rate': 71.26, 'trade_frequency': 58, 'business_size': 'Medium', 'trade_type': 'Importer', 'category': 'Construction', 'egyptian_advantage': 3.3000000000000003, 'location_region': 'Upper Egypt'}"
Ancient Copper Metals,"Luxor, Egypt",Metals,8.87,Singapore,Exporter,Copper,Small,2011,info@ancientcopperme.eg,20289971440,Via Alexandria Port,-0.7,USD,44,4,67.75,3.5,9.22,Upper Egypt,Metals - Copper,47,2,Asia,2,4.0,2.8000000000000003,"{'trade_volume': 8.87, 'growth_rate': -0.7, 'success_rate': 67.75, 'trade_frequency': 44, 'business_size': 'Small', 'trade_type': 'Exporter', 'category': 'Metals', 'egyptian_advantage': 2.8000000000000003, 'location_region': 'Upper Egypt'}"
Upper Egypt Fabrics Textiles,"Assiut, Egypt",Textiles,13.79,Bahrain,Both,Fabrics,Small,2003,info@upperegyptfabri.eg,20135818860,Via Suez Port,-6.26,USD,42,3,78.46,3.6,4.7,Upper Egypt,Textiles - Fabrics,48,2,MENA,3,5.0,3.5,"{'trade_volume': 13.79, 'growth_rate': -6.26, 'success_rate': 78.46, 'trade_frequency': 42, 'business_size': 'Small', 'trade_type': 'Both', 'category': 'Textiles', 'egyptian_advantage': 3.5, 'location_region': 'Upper Egypt'}"
Fruits Agriculture Trading Egypt,"Hurghada, Egypt",Agriculture,15.47,Saudi Arabia,Exporter,Fruits,Small,2009,info@fruitsagricultu.eg,20328896198,Via Suez Port,-10.0,USD,55,5,64.61,3.8,12.45,Red Sea,Agriculture - Fruits,49,4,MENA,5,5.0,4.7,"{'trade_volume': 15.47, 'growth_rate': -10.0, 'success_rate': 64.61, 'trade_frequency': 55, 'business_size': 'Small', 'trade_type': 'Exporter', 'category': 'Agriculture', 'egyptian_advantage': 4.7, 'location_region': 'Red Sea'}"
Herbal Pharmaceuticals Egypt,"Aswan, Egypt",Pharmaceuticals,13.2,Saudi Arabia,Importer,Herbal,Small,1995,info@herbalpharmaceu.eg,20137501992,Via Alexandria Port,-5.4,USD,56,4,70.65,4.2,3.15,Upper Egypt,Pharmaceuticals - Herbal,50,2,MENA,3,4.0,3.1,"{'trade_volume': 13.2, 'growth_rate': -5.4, 'success_rate': 70.65, 'trade_frequency': 56, 'business_size': 'Small', 'trade_type': 'Importer', 'category': 'Pharmaceuticals', 'egyptian_advantage': 3.1, 'location_region': 'Upper Egypt'}"
Souvenirs Tourism Group,"Kafr El Sheikh, Egypt",Tourism,1.89,Greece,Exporter,Souvenirs,Small,2020,info@souvenirstouris.eg,20273609054,Via Damietta Port,10.09,USD,18,2,78.75,3.9,6.62,Other Egypt,Tourism - Souvenirs,51,2,Europe,3,3.0,2.7,"{'trade_volume': 1.89, 'growth_rate': 10.09, 'success_rate': 78.75, 'trade_frequency': 18, 'business_size': 'Small', 'trade_type': 'Exporter', 'category': 'Tourism', 'egyptian_advantage': 2.7, 'location_region': 'Other Egypt'}"
United Dates Agriculture,"Luxor, Egypt",Agriculture,71.45,Kuwait,Both,Dates,Medium,1987,info@uniteddatesagri.eg,20252845978,Via Port Said Port,-3.1,USD,231,0,83.24,4.5,5.32,Upper Egypt,Agriculture - Dates,52,2,MENA,3,5.0,3.5,"{'trade_volume': 71.45, 'growth_rate': -3.1, 'success_rate': 83.24, 'trade_frequency': 231, 'business_size': 'Medium', 'trade_type': 'Both', 'category': 'Agriculture', 'egyptian_advantage': 3.5, 'location_region': 'Upper Egypt'}"
Glass Construction Exports,"Damanhur, Egypt",Construction,429.23,Morocco,Both,Glass,Large,2019,info@glassconstructi.eg,20135981312,Via Alexandria Port,2.37,USD,365,1,86.0,4.2,13.73,Other Egypt,Construction - Glass,53,2,Africa,3,3.0,2.7,"{'trade_volume': 429.23, 'growth_rate': 2.37, 'success_rate': 86.0, 'trade_frequency': 365, 'business_size': 'Large', 'trade_type': 'Both', 'category': 'Construction', 'egyptian_advantage': 2.7, 'location_region': 'Other Egypt'}"
Premium Canned Foods Food Processing,"6th of October, Egypt",Food Processing,27.62,China,Both,Canned Foods,Medium,2018,info@premiumcannedfo.eg,20250121402,Via Damietta Port,14.92,USD,84,1,72.08,3.6,12.91,Other Egypt,Food Processing - Canned Foods,54,2,Asia,3,3.0,2.7,"{'trade_volume': 27.62, 'growth_rate': 14.92, 'success_rate': 72.08, 'trade_frequency': 84, 'business_size': 'Medium', 'trade_type': 'Both', 'category': 'Food Processing', 'egyptian_advantage': 2.7, 'location_region': 'Other Egypt'}"
Glass Construction Trading Egypt,"Suez, Egypt",Construction,15.27,Brazil,Exporter,Glass,Small,1995,info@glassconstructi.eg,20273265108,Via Suez Port,-4.6,USD,67,3,74.2,3.6,14.66,Suez Canal,Construction - Glass,55,5,MENA,5,3.0,4.2,"{'trade_volume': 15.27, 'growth_rate': -4.6, 'success_rate': 74.2, 'trade_frequency': 67, 'business_size': 'Small', 'trade_type': 'Exporter', 'category': 'Construction', 'egyptian_advantage': 4.2, 'location_region': 'Suez Canal'}"
Golden Bricks Construction,"Fayoum, Egypt",Construction,289.87,Ethiopia,Both,Bricks,Large,1984,info@goldenbrickscon.eg,20129858548,Via Alexandria Port,-7.01,USD,365,1,87.23,4.3,12.69,Upper Egypt,Construction - Bricks,56,2,Africa,5,3.0,3.3000000000000003,"{'trade_volume': 289.87, 'growth_rate': -7.01, 'success_rate': 87.23, 'trade_frequency': 365, 'business_size': 'Large', 'trade_type': 'Both', 'category': 'Construction', 'egyptian_advantage': 3.3000000000000003, 'location_region': 'Upper Egypt'}"
Premium Office Furniture,"Ismailia, Egypt",Furniture,78.33,Greece,Importer,Office,Medium,2006,info@premiumofficefu.eg,20375487961,Via Ismailia Port,12.13,USD,238,4,79.31,3.5,2.86,Suez Canal,Furniture - Office,57,5,Europe,4,3.0,3.9000000000000004,"{'trade_volume': 78.33, 'growth_rate': 12.13, 'success_rate': 79.31, 'trade_frequency': 238, 'business_size': 'Medium', 'trade_type': 'Importer', 'category': 'Furniture', 'egyptian_advantage': 3.9000000000000004, 'location_region': 'Suez Canal'}"
Cairo Aluminum Metals,"Beni Suef, Egypt",Metals,401.48,Qatar,Exporter,Aluminum,Large,1998,info@cairoaluminumme.eg,20291546716,Via Safaga Port,-10.0,USD,365,2,97.19,4.7,3.89,Upper Egypt,Metals - Aluminum,58,2,MENA,3,4.0,3.1,"{'trade_volume': 401.48, 'growth_rate': -10.0, 'success_rate': 97.19, 'trade_frequency': 365, 'business_size': 'Large', 'trade_type': 'Exporter', 'category': 'Metals', 'egyptian_advantage': 3.1, 'location_region': 'Upper Egypt'}"
Souvenirs Tourism Trading Egypt,"New Cairo, Egypt",Tourism,34.27,Saudi Arabia,Importer,Souvenirs,Medium,2018,info@souvenirstouris.eg,20133034643,Via Alexandria Port,4.1,USD,111,4,55.24,3.0,14.88,Greater Cairo,Tourism - Souvenirs,59,4,MENA,4,3.0,3.6000000000000005,"{'trade_volume': 34.27, 'growth_rate': 4.1, 'success_rate': 55.24, 'trade_frequency': 111, 'business_size': 'Medium', 'trade_type': 'Importer', 'category': 'Tourism', 'egyptian_advantage': 3.6000000000000005, 'location_region': 'Greater Cairo'}"
Aluminum Metals Group,"Sharm El Sheikh, Egypt",Metals,288.31,Malaysia,Both,Aluminum,Large,2004,info@aluminummetalsg.eg,20294142832,Via Suez Port,7.81,USD,365,4,88.68,4.2,6.64,Sinai,Metals - Aluminum,60,3,Asia,4,4.0,3.7,"{'trade_volume': 288.31, 'growth_rate': 7.81, 'success_rate': 88.68, 'trade_frequency': 365, 'business_size': 'Large', 'trade_type': 'Both', 'category': 'Metals', 'egyptian_advantage': 3.7, 'location_region': 'Sinai'}"
Cairo Components Electronics,"Kafr El Sheikh, Egypt",Electronics,5.5,Nigeria,Importer,Components,Small,2006,info@cairocomponents.eg,20396242935,Via Safaga Port,1.41,USD,42,5,64.59,2.7,6.16,Other Egypt,Electronics - Components,61,2,Africa,3,3.0,2.7,"{'trade_volume': 5.5, 'growth_rate': 1.41, 'success_rate': 64.59, 'trade_frequency': 42, 'business_size': 'Small', 'trade_type': 'Importer', 'category': 'Electronics', 'egyptian_advantage': 2.7, 'location_region': 'Other Egypt'}"
Beverages Food Processing Egypt,"Minya, Egypt",Food Processing,47.85,Tunisia,Importer,Beverages,Medium,1995,info@beveragesfoodpr.eg,20298162245,Via Safaga Port,-10.0,USD,162,4,82.34,4.6,13.61,Upper Egypt,Food Processing - Beverages,62,2,Africa,5,3.0,3.3000000000000003,"{'trade_volume': 47.85, 'growth_rate': -10.0, 'success_rate': 82.34, 'trade_frequency': 162, 'business_size': 'Medium', 'trade_type': 'Importer', 'category': 'Food Processing', 'egyptian_advantage': 3.3000000000000003, 'location_region': 'Upper Egypt'}"
Garments Textiles Egypt,"6th of October, Egypt",Textiles,25.95,United States,Exporter,Garments,Medium,2022,info@garmentstextile.eg,20252704570,Via Suez Port,12.94,USD,96,2,72.98,3.7,5.45,Other Egypt,Textiles - Garments,63,2,MENA,3,5.0,3.5,"{'trade_volume': 25.95, 'growth_rate': 12.94, 'success_rate': 72.98, 'trade_frequency': 96, 'business_size': 'Medium', 'trade_type': 'Exporter', 'category': 'Textiles', 'egyptian_advantage': 3.5, 'location_region': 'Other Egypt'}"
Golden Steel Metals,"Damietta, Egypt",Metals,24.18,Belgium,Both,Steel,Medium,1999,info@goldensteelmeta.eg,20230508817,Via Damietta Port,-3.59,USD,80,3,70.47,4.0,3.48,Mediterranean Coast,Metals - Steel,64,5,Europe,5,4.0,4.6,"{'trade_volume': 24.18, 'growth_rate': -3.59, 'success_rate': 70.47, 'trade_frequency': 80, 'business_size': 'Medium', 'trade_type': 'Both', 'category': 'Metals', 'egyptian_advantage': 4.6, 'location_region': 'Mediterranean Coast'}"
Alexandria Silver Metals,"Suez, Egypt",Metals,322.1,United States,Exporter,Silver,Large,2018,info@alexandriasilve.eg,20111023338,Via Suez Port,14.27,USD,365,2,96.55,4.5,1.2,Suez Canal,Metals - Silver,65,5,MENA,5,4.0,4.6,"{'trade_volume': 322.1, 'growth_rate': 14.27, 'success_rate': 96.55, 'trade_frequency': 365, 'business_size': 'Large', 'trade_type': 'Exporter', 'category': 'Metals', 'egyptian_advantage': 4.6, 'location_region': 'Suez Canal'}"
International Papyrus Handicrafts Egypt,"Tanta, Egypt",Handicrafts,394.01,Tanzania,Importer,Papyrus,Large,2013,info@internationalpa.eg,20296425659,Via Damietta Port,-3.44,USD,365,5,86.17,4.4,12.43,Nile Delta,Handicrafts - Papyrus,66,3,MENA,3,3.0,3.0,"{'trade_volume': 394.01, 'growth_rate': -3.44, 'success_rate': 86.17, 'trade_frequency': 365, 'business_size': 'Large', 'trade_type': 'Importer', 'category': 'Handicrafts', 'egyptian_advantage': 3.0, 'location_region': 'Nile Delta'}"
Transportation Tourism Group,"Hurghada, Egypt",Tourism,8.46,Mexico,Exporter,Transportation,Small,1999,info@transportationt.eg,20244334183,Via Damietta Port,-10.0,USD,41,0,77.97,3.9,7.17,Red Sea,Tourism - Transportation,67,4,MENA,5,3.0,3.9000000000000004,"{'trade_volume': 8.46, 'growth_rate': -10.0, 'success_rate': 77.97, 'trade_frequency': 41, 'business_size': 'Small', 'trade_type': 'Exporter', 'category': 'Tourism', 'egyptian_advantage': 3.9000000000000004, 'location_region': 'Red Sea'}"
Dates Agriculture Trading Egypt,"Marsa Matruh, Egypt",Agriculture,9.66,Lebanon,Both,Dates,Small,2017,info@datesagricultur.eg,20245001100,Via Marsa Matruh Port,2.28,USD,50,2,98.0,4.9,3.62,Other Egypt,Agriculture - Dates,68,2,MENA,3,5.0,3.5,"{'trade_volume': 9.66, 'growth_rate': 2.28, 'success_rate': 98.0, 'trade_frequency': 50, 'business_size': 'Small', 'trade_type': 'Both', 'category': 'Agriculture', 'egyptian_advantage': 3.5, 'location_region': 'Other Egypt'}"
Delta Flowers Agriculture,"Port Said, Egypt",Agriculture,110.94,Ghana,Exporter,Flowers,Medium,2007,info@deltaflowersagr.eg,20213491414,Via Port Said Port,4.54,USD,351,0,71.93,3.7,3.35,Mediterranean Coast,Agriculture - Flowers,69,5,Africa,3,5.0,4.4,"{'trade_volume': 110.94, 'growth_rate': 4.54, 'success_rate': 71.93, 'trade_frequency': 351, 'business_size': 'Medium', 'trade_type': 'Exporter', 'category': 'Agriculture', 'egyptian_advantage': 4.4, 'location_region': 'Mediterranean Coast'}"
Sohag Souvenirs Tourism,"Sohag, Egypt",Tourism,166.06,Oman,Importer,Souvenirs,Large,1982,info@sohagsouvenirst.eg,20124527119,Via Suez Port,-10.0,USD,365,4,98.0,4.8,13.84,Upper Egypt,Tourism - Souvenirs,70,2,MENA,3,3.0,2.7,"{'trade_volume': 166.06, 'growth_rate': -10.0, 'success_rate': 98.0, 'trade_frequency': 365, 'business_size': 'Large', 'trade_type': 'Importer', 'category': 'Tourism', 'egyptian_advantage': 2.7, 'location_region': 'Upper Egypt'}"
Ancient Appliances Electronics,"El Arish, Egypt",Electronics,40.87,Brazil,Both,Appliances,Medium,2015,info@ancientapplianc.eg,20284685389,Via Port Said Port,-1.67,USD,136,5,98.0,4.7,9.77,Other Egypt,Electronics - Appliances,71,2,MENA,3,3.0,2.7,"{'trade_volume': 40.87, 'growth_rate': -1.67, 'success_rate': 98.0, 'trade_frequency': 136, 'business_size': 'Medium', 'trade_type': 'Both', 'category': 'Electronics', 'egyptian_advantage': 2.7, 'location_region': 'Other Egypt'}"
Egyptian Metal Furniture,"Cairo, Egypt",Furniture,4.82,United States,Importer,Metal,Small,1996,info@egyptianmetalfu.eg,20127692451,Via Port Said Port,-7.81,USD,27,4,71.29,3.9,14.68,Greater Cairo,Furniture - Metal,72,4,MENA,4,3.0,3.6000000000000005,"{'trade_volume': 4.82, 'growth_rate': -7.81, 'success_rate': 71.29, 'trade_frequency': 27, 'business_size': 'Small', 'trade_type': 'Importer', 'category': 'Furniture', 'egyptian_advantage': 3.6000000000000005, 'location_region': 'Greater Cairo'}"
Delta Medicine Pharmaceuticals,"Kafr El Sheikh, Egypt",Pharmaceuticals,68.43,Qatar,Importer,Medicine,Medium,2006,info@deltamedicineph.eg,20369388227,Via Suez Port,-9.09,USD,215,4,86.19,4.2,12.49,Other Egypt,Pharmaceuticals - Medicine,73,2,MENA,3,4.0,3.1,"{'trade_volume': 68.43, 'growth_rate': -9.09, 'success_rate': 86.19, 'trade_frequency': 215, 'business_size': 'Medium', 'trade_type': 'Importer', 'category': 'Pharmaceuticals', 'egyptian_advantage': 3.1, 'location_region': 'Other Egypt'}"
International Glass Construction Egypt,"Damanhur, Egypt",Construction,242.87,Kenya,Importer,Glass,Large,2007,info@internationalgl.eg,20320704985,Via Safaga Port,7.75,USD,365,3,92.77,4.9,8.76,Other Egypt,Construction - Glass,74,2,Africa,3,3.0,2.7,"{'trade_volume': 242.87, 'growth_rate': 7.75, 'success_rate': 92.77, 'trade_frequency': 365, 'business_size': 'Large', 'trade_type': 'Importer', 'category': 'Construction', 'egyptian_advantage': 2.7, 'location_region': 'Other Egypt'}"
Greater Cairo Steel Metals,"6th of October, Egypt",Metals,16.39,France,Both,Steel,Small,2011,info@greatercairoste.eg,20296237463,Via Alexandria Port,-2.57,USD,59,5,77.99,4.2,10.92,Other Egypt,Metals - Steel,75,2,Europe,3,4.0,3.1,"{'trade_volume': 16.39, 'growth_rate': -2.57, 'success_rate': 77.99, 'trade_frequency': 59, 'business_size': 'Small', 'trade_type': 'Both', 'category': 'Metals', 'egyptian_advantage': 3.1, 'location_region': 'Other Egypt'}"
Glass Construction of Egypt,"Cairo, Egypt",Construction,26.57,Ghana,Exporter,Glass,Medium,1980,info@glassconstructi.eg,20257434793,Via Damietta Port,-1.25,USD,93,0,80.59,4.1,2.7,Greater Cairo,Construction - Glass,76,4,Africa,4,3.0,3.6000000000000005,"{'trade_volume': 26.57, 'growth_rate': -1.25, 'success_rate': 80.59, 'trade_frequency': 93, 'business_size': 'Medium', 'trade_type': 'Exporter', 'category': 'Construction', 'egyptian_advantage': 3.6000000000000005, 'location_region': 'Greater Cairo'}"
Craft Tourism Industries,"Port Said, Egypt",Tourism,30.57,Lebanon,Importer,Craft,Medium,2007,info@crafttourismind.eg,20119442692,Via Port Said Port,-10.0,USD,108,2,78.44,3.5,6.99,Mediterranean Coast,Tourism - Craft,77,5,MENA,4,3.0,3.9000000000000004,"{'trade_volume': 30.57, 'growth_rate': -10.0, 'success_rate': 78.44, 'trade_frequency': 108, 'business_size': 'Medium', 'trade_type': 'Importer', 'category': 'Tourism', 'egyptian_advantage': 3.9000000000000004, 'location_region': 'Mediterranean Coast'}"
Upper Egypt Flowers Agriculture,"Sohag, Egypt",Agriculture,95.03,South Africa,Importer,Flowers,Medium,1989,info@upperegyptflowe.eg,20382682761,Via Damietta Port,-1.89,USD,298,4,75.5,3.9,6.91,Upper Egypt,Agriculture - Flowers,78,2,Africa,5,5.0,4.1,"{'trade_volume': 95.03, 'growth_rate': -1.89, 'success_rate': 75.5, 'trade_frequency': 298, 'business_size': 'Medium', 'trade_type': 'Importer', 'category': 'Agriculture', 'egyptian_advantage': 4.1, 'location_region': 'Upper Egypt'}"
Vitamins Pharmaceuticals Exports,"Fayoum, Egypt",Pharmaceuticals,363.94,UAE,Importer,Vitamins,Large,1980,info@vitaminspharmac.eg,20155706460,Via Safaga Port,-10.0,USD,365,0,80.36,4.6,8.8,Upper Egypt,Pharmaceuticals - Vitamins,79,2,MENA,3,4.0,3.1,"{'trade_volume': 363.94, 'growth_rate': -10.0, 'success_rate': 80.36, 'trade_frequency': 365, 'business_size': 'Large', 'trade_type': 'Importer', 'category': 'Pharmaceuticals', 'egyptian_advantage': 3.1, 'location_region': 'Upper Egypt'}"
Royal Wooden Furniture,"Beni Suef, Egypt",Furniture,5.91,Jordan,Exporter,Wooden,Small,1985,info@royalwoodenfurn.eg,20234228688,Via Suez Port,-7.47,USD,27,1,74.0,3.5,14.9,Upper Egypt,Furniture - Wooden,80,2,MENA,3,3.0,2.7,"{'trade_volume': 5.91, 'growth_rate': -7.47, 'success_rate': 74.0, 'trade_frequency': 27, 'business_size': 'Small', 'trade_type': 'Exporter', 'category': 'Furniture', 'egyptian_advantage': 2.7, 'location_region': 'Upper Egypt'}"
Beverages Food Processing Industries,"Port Said, Egypt",Food Processing,15.83,South Korea,Both,Beverages,Small,1995,info@beveragesfoodpr.eg,20289538278,Via Port Said Port,-10.0,USD,57,4,95.3,4.7,2.28,Mediterranean Coast,Food Processing - Beverages,81,5,Asia,3,3.0,3.6,"{'trade_volume': 15.83, 'growth_rate': -10.0, 'success_rate': 95.3, 'trade_frequency': 57, 'business_size': 'Small', 'trade_type': 'Both', 'category': 'Food Processing', 'egyptian_advantage': 3.6, 'location_region': 'Mediterranean Coast'}"
International Paints Chemicals Egypt,"Beni Suef, Egypt",Chemicals,3.87,Nigeria,Importer,Paints,Small,1980,info@internationalpa.eg,20395852238,Via Alexandria Port,1.72,USD,26,1,77.83,3.9,8.44,Upper Egypt,Chemicals - Paints,82,2,Africa,5,4.0,3.7,"{'trade_volume': 3.87, 'growth_rate': 1.72, 'success_rate': 77.83, 'trade_frequency': 26, 'business_size': 'Small', 'trade_type': 'Importer', 'category': 'Chemicals', 'egyptian_advantage': 3.7, 'location_region': 'Upper Egypt'}"
Golden Gold Metals,"Marsa Matruh, Egypt",Metals,35.17,Saudi Arabia,Importer,Gold,Medium,2002,info@goldengoldmetal.eg,20293189096,Via Port Said Port,-6.5,USD,118,1,98.0,4.8,1.6,Other Egypt,Metals - Gold,83,2,MENA,3,4.0,3.1,"{'trade_volume': 35.17, 'growth_rate': -6.5, 'success_rate': 98.0, 'trade_frequency': 118, 'business_size': 'Medium', 'trade_type': 'Importer', 'category': 'Metals', 'egyptian_advantage': 3.1, 'location_region': 'Other Egypt'}"
Paints Chemicals Exports,"Alexandria, Egypt",Chemicals,16.67,Italy,Importer,Paints,Medium,2012,info@paintschemicals.eg,20193301613,Via Damietta Port,3.59,USD,52,0,85.99,4.5,9.15,Mediterranean Coast,Chemicals - Paints,84,5,Europe,5,4.0,4.6,"{'trade_volume': 16.67, 'growth_rate': 3.59, 'success_rate': 85.99, 'trade_frequency': 52, 'business_size': 'Medium', 'trade_type': 'Importer', 'category': 'Chemicals', 'egyptian_advantage': 4.6, 'location_region': 'Mediterranean Coast'}"
El Transportation Tourism,"Fayoum, Egypt",Tourism,80.49,Saudi Arabia,Importer,Transportation,Large,2006,info@eltransportatio.eg,20325455166,Via Port Said Port,-3.01,USD,253,2,80.1,4.6,2.93,Upper Egypt,Tourism - Transportation,85,2,MENA,3,3.0,2.7,"{'trade_volume': 80.49, 'growth_rate': -3.01, 'success_rate': 80.1, 'trade_frequency': 253, 'business_size': 'Large', 'trade_type': 'Importer', 'category': 'Tourism', 'egyptian_advantage': 2.7, 'location_region': 'Upper Egypt'}"
Alexandria Gold Metals,"Kafr El Sheikh, Egypt",Metals,107.4,Tanzania,Importer,Gold,Large,1993,info@alexandriagoldm.eg,20298479886,Via Damietta Port,-10.0,USD,334,5,98.0,4.8,1.42,Other Egypt,Metals - Gold,86,2,MENA,3,4.0,3.1,"{'trade_volume': 107.4, 'growth_rate': -10.0, 'success_rate': 98.0, 'trade_frequency': 334, 'business_size': 'Large', 'trade_type': 'Importer', 'category': 'Metals', 'egyptian_advantage': 3.1, 'location_region': 'Other Egypt'}"
Golden Beverages Food Processing,"Port Tawfik, Egypt",Food Processing,242.46,Kenya,Exporter,Beverages,Large,1999,info@goldenbeverages.eg,20337263155,Via Port Tawfik Port,-0.79,USD,365,3,84.4,4.6,3.82,Other Egypt,Food Processing - Beverages,87,2,Africa,3,3.0,2.7,"{'trade_volume': 242.46, 'growth_rate': -0.79, 'success_rate': 84.4, 'trade_frequency': 365, 'business_size': 'Large', 'trade_type': 'Exporter', 'category': 'Food Processing', 'egyptian_advantage': 2.7, 'location_region': 'Other Egypt'}"
Royal Canned Foods Food Processing,"Giza, Egypt",Food Processing,64.11,Oman,Exporter,Canned Foods,Medium,2001,info@royalcannedfood.eg,20316197531,Via Safaga Port,-10.0,USD,204,0,73.45,4.0,7.92,Greater Cairo,Food Processing - Canned Foods,88,4,MENA,4,3.0,3.6000000000000005,"{'trade_volume': 64.11, 'growth_rate': -10.0, 'success_rate': 73.45, 'trade_frequency': 204, 'business_size': 'Medium', 'trade_type': 'Exporter', 'category': 'Food Processing', 'egyptian_advantage': 3.6000000000000005, 'location_region': 'Greater Cairo'}"
Brassware Handicrafts Exports,"Qena, Egypt",Handicrafts,4.71,France,Exporter,Brassware,Small,2004,info@brasswarehandic.eg,20183679968,Via Damietta Port,6.82,USD,31,0,69.79,2.8,10.41,Upper Egypt,Handicrafts - Brassware,89,2,Europe,2,3.0,2.4000000000000004,"{'trade_volume': 4.71, 'growth_rate': 6.82, 'success_rate': 69.79, 'trade_frequency': 31, 'business_size': 'Small', 'trade_type': 'Exporter', 'category': 'Handicrafts', 'egyptian_advantage': 2.4000000000000004, 'location_region': 'Upper Egypt'}"
Premium Rugs Textiles,"Port Said, Egypt",Textiles,19.45,Netherlands,Both,Rugs,Small,2008,info@premiumrugstext.eg,20366779266,Via Port Said Port,7.25,USD,62,6,86.43,4.2,6.05,Mediterranean Coast,Textiles - Rugs,90,5,Europe,5,5.0,5.0,"{'trade_volume': 19.45, 'growth_rate': 7.25, 'success_rate': 86.43, 'trade_frequency': 62, 'business_size': 'Small', 'trade_type': 'Both', 'category': 'Textiles', 'egyptian_advantage': 5.0, 'location_region': 'Mediterranean Coast'}"
Components Electronics Exports,"Hurghada, Egypt",Electronics,59.22,Kuwait,Both,Components,Medium,2004,info@componentselect.eg,20179625331,Via Safaga Port,12.74,USD,198,3,75.07,3.7,2.36,Red Sea,Electronics - Components,91,4,MENA,5,3.0,3.9000000000000004,"{'trade_volume': 59.22, 'growth_rate': 12.74, 'success_rate': 75.07, 'trade_frequency': 198, 'business_size': 'Medium', 'trade_type': 'Both', 'category': 'Electronics', 'egyptian_advantage': 3.9000000000000004, 'location_region': 'Red Sea'}"
Nile Beverages Food Processing,"6th of October, Egypt",Food Processing,94.95,Qatar,Exporter,Beverages,Medium,2002,info@nilebeveragesfo.eg,20111819770,Via Alexandria Port,-10.0,USD,292,3,72.61,4.0,8.52,Other Egypt,Food Processing - Beverages,92,2,MENA,3,3.0,2.7,"{'trade_volume': 94.95, 'growth_rate': -10.0, 'success_rate': 72.61, 'trade_frequency': 292, 'business_size': 'Medium', 'trade_type': 'Exporter', 'category': 'Food Processing', 'egyptian_advantage': 2.7, 'location_region': 'Other Egypt'}"
Modern Office Furniture,"Hurghada, Egypt",Furniture,13.46,Mexico,Exporter,Office,Small,1984,info@modernofficefur.eg,20386945924,Via Suez Port,-10.0,USD,49,4,77.93,3.6,4.41,Red Sea,Furniture - Office,93,4,MENA,5,3.0,3.9000000000000004,"{'trade_volume': 13.46, 'growth_rate': -10.0, 'success_rate': 77.93, 'trade_frequency': 49, 'business_size': 'Small', 'trade_type': 'Exporter', 'category': 'Furniture', 'egyptian_advantage': 3.9000000000000004, 'location_region': 'Red Sea'}"
Sinai Garments Textiles,"Sharm El Sheikh, Egypt",Textiles,58.44,Qatar,Importer,Garments,Medium,1982,info@sinaigarmentste.eg,20342071322,Via Damietta Port,-10.0,USD,184,4,75.44,4.0,14.73,Sinai,Textiles - Garments,94,3,MENA,5,5.0,4.4,"{'trade_volume': 58.44, 'growth_rate': -10.0, 'success_rate': 75.44, 'trade_frequency': 184, 'business_size': 'Medium', 'trade_type': 'Importer', 'category': 'Textiles', 'egyptian_advantage': 4.4, 'location_region': 'Sinai'}"
Suez Medicine Pharmaceuticals,"Suez, Egypt",Pharmaceuticals,15.39,Lebanon,Importer,Medicine,Small,2005,info@suezmedicinepha.eg,20351977420,Via Suez Port,-9.0,USD,59,0,61.95,3.2,3.87,Suez Canal,Pharmaceuticals - Medicine,95,5,MENA,5,4.0,4.6,"{'trade_volume': 15.39, 'growth_rate': -9.0, 'success_rate': 61.95, 'trade_frequency': 59, 'business_size': 'Small', 'trade_type': 'Importer', 'category': 'Pharmaceuticals', 'egyptian_advantage': 4.6, 'location_region': 'Suez Canal'}"
Nile Medical Supplies Pharmaceuticals,"Damanhur, Egypt",Pharmaceuticals,43.85,Tanzania,Both,Medical Supplies,Medium,1983,info@nilemedicalsupp.eg,20347618483,Via Safaga Port,-10.0,USD,139,3,63.87,2.9,14.36,Other Egypt,Pharmaceuticals - Medical Supplies,96,2,MENA,3,4.0,3.1,"{'trade_volume': 43.85, 'growth_rate': -10.0, 'success_rate': 63.87, 'trade_frequency': 139, 'business_size': 'Medium', 'trade_type': 'Both', 'category': 'Pharmaceuticals', 'egyptian_advantage': 3.1, 'location_region': 'Other Egypt'}"
Ancient Components Electronics,"Hurghada, Egypt",Electronics,7.77,Chile,Importer,Components,Small,1983,info@ancientcomponen.eg,20189409752,Via Damietta Port,-10.0,USD,42,1,69.74,3.0,13.08,Red Sea,Electronics - Components,97,4,MENA,5,3.0,3.9000000000000004,"{'trade_volume': 7.77, 'growth_rate': -10.0, 'success_rate': 69.74, 'trade_frequency': 42, 'business_size': 'Small', 'trade_type': 'Importer', 'category': 'Electronics', 'egyptian_advantage': 3.9000000000000004, 'location_region': 'Red Sea'}"
Spices Food Processing Trading Egypt,"Suez, Egypt",Food Processing,14.2,Lebanon,Importer,Spices,Medium,2005,info@spicesfoodproce.eg,20349864356,Via Suez Port,5.97,USD,45,1,74.18,4.0,2.15,Suez Canal,Food Processing - Spices,98,5,MENA,5,3.0,4.2,"{'trade_volume': 14.2, 'growth_rate': 5.97, 'success_rate': 74.18, 'trade_frequency': 45, 'business_size': 'Medium', 'trade_type': 'Importer', 'category': 'Food Processing', 'egyptian_advantage': 4.2, 'location_region': 'Suez Canal'}"
International Dairy Food Processing Egypt,"Sharm El Sheikh, Egypt",Food Processing,5.15,Greece,Importer,Dairy,Small,2015,info@internationalda.eg,20126702652,Via Damietta Port,-10.0,USD,29,0,93.62,4.8,9.38,Sinai,Food Processing - Dairy,99,3,Europe,3,3.0,3.0,"{'trade_volume': 5.15, 'growth_rate': -10.0, 'success_rate': 93.62, 'trade_frequency': 29, 'business_size': 'Small', 'trade_type': 'Importer', 'category': 'Food Processing', 'egyptian_advantage': 3.0, 'location_region': 'Sinai'}"
Ancient Fertilizers Chemicals,"Port Tawfik, Egypt",Chemicals,45.37,Indonesia,Exporter,Fertilizers,Medium,1991,info@ancientfertiliz.eg,20323857518,Via Port Tawfik Port,-10.0,USD,142,1,80.59,4.0,13.7,Other Egypt,Chemicals - Fertilizers,100,2,Asia,3,4.0,3.1,"{'trade_volume': 45.37, 'growth_rate': -10.0, 'success_rate': 80.59, 'trade_frequency': 142, 'business_size': 'Medium', 'trade_type': 'Exporter', 'category': 'Chemicals', 'egyptian_advantage': 3.1, 'location_region': 'Other Egypt'}"
Delta Confectionery Food Processing,"Port Tawfik, Egypt",Food Processing,9.67,Japan,Importer,Confectionery,Small,2011,info@deltaconfection.eg,20279977133,Via Port Tawfik Port,-3.76,USD,39,2,87.77,4.7,13.1,Other Egypt,Food Processing - Confectionery,101,2,Asia,3,3.0,2.7,"{'trade_volume': 9.67, 'growth_rate': -3.76, 'success_rate': 87.77, 'trade_frequency': 39, 'business_size': 'Small', 'trade_type': 'Importer', 'category': 'Food Processing', 'egyptian_advantage': 2.7, 'location_region': 'Other Egypt'}"
Ancient Fruits Agriculture,"Ismailia, Egypt",Agriculture,657.23,Belgium,Both,Fruits,Large,2020,info@ancientfruitsag.eg,20312512236,Via Ismailia Port,10.69,USD,365,0,92.84,4.5,13.39,Suez Canal,Agriculture - Fruits,102,5,Europe,4,5.0,4.7,"{'trade_volume': 657.23, 'growth_rate': 10.69, 'success_rate': 92.84, 'trade_frequency': 365, 'business_size': 'Large', 'trade_type': 'Both', 'category': 'Agriculture', 'egyptian_advantage': 4.7, 'location_region': 'Suez Canal'}"
Grains Agriculture Egypt,"Kafr El Sheikh, Egypt",Agriculture,496.67,South Africa,Importer,Grains,Large,2001,info@grainsagricultu.eg,20276654409,Via Damietta Port,-6.6,USD,365,2,78.47,3.7,10.55,Other Egypt,Agriculture - Grains,103,2,Africa,3,5.0,3.5,"{'trade_volume': 496.67, 'growth_rate': -6.6, 'success_rate': 78.47, 'trade_frequency': 365, 'business_size': 'Large', 'trade_type': 'Importer', 'category': 'Agriculture', 'egyptian_advantage': 3.5, 'location_region': 'Other Egypt'}"
Egypt Resorts Tourism Company,"Safaga, Egypt",Tourism,2.27,Kuwait,Exporter,Resorts,Small,1982,info@egyptresortstou.eg,20141876725,Via Safaga Port,-5.55,USD,27,2,74.31,4.0,6.38,Other Egypt,Tourism - Resorts,104,2,MENA,3,3.0,2.7,"{'trade_volume': 2.27, 'growth_rate': -5.55, 'success_rate': 74.31, 'trade_frequency': 27, 'business_size': 'Small', 'trade_type': 'Exporter', 'category': 'Tourism', 'egyptian_advantage': 2.7, 'location_region': 'Other Egypt'}"
Greater Cairo Metal Furniture,"6th of October, Egypt",Furniture,83.77,Netherlands,Both,Metal,Medium,2001,info@greatercairomet.eg,20319587404,Via Port Said Port,4.91,USD,256,1,79.74,4.1,7.16,Other Egypt,Furniture - Metal,105,2,Europe,3,3.0,2.7,"{'trade_volume': 83.77, 'growth_rate': 4.91, 'success_rate': 79.74, 'trade_frequency': 256, 'business_size': 'Medium', 'trade_type': 'Both', 'category': 'Furniture', 'egyptian_advantage': 2.7, 'location_region': 'Other Egypt'}"
Egypt Vitamins Pharmaceuticals Company,"El Arish, Egypt",Pharmaceuticals,9.31,Canada,Importer,Vitamins,Small,2016,info@egyptvitaminsph.eg,20267996234,Via Safaga Port,5.46,USD,36,2,79.88,3.5,2.29,Other Egypt,Pharmaceuticals - Vitamins,106,2,MENA,3,4.0,3.1,"{'trade_volume': 9.31, 'growth_rate': 5.46, 'success_rate': 79.88, 'trade_frequency': 36, 'business_size': 'Small', 'trade_type': 'Importer', 'category': 'Pharmaceuticals', 'egyptian_advantage': 3.1, 'location_region': 'Other Egypt'}"
Cairo Office Furniture,"Damietta, Egypt",Furniture,91.91,Lebanon,Importer,Office,Medium,1988,info@cairoofficefurn.eg,20219834449,Via Damietta Port,13.12,USD,292,4,96.02,4.6,8.82,Mediterranean Coast,Furniture - Office,107,5,MENA,4,3.0,3.9000000000000004,"{'trade_volume': 91.91, 'growth_rate': 13.12, 'success_rate': 96.02, 'trade_frequency': 292, 'business_size': 'Medium', 'trade_type': 'Importer', 'category': 'Furniture', 'egyptian_advantage': 3.9000000000000004, 'location_region': 'Mediterranean Coast'}"
International Cosmetics Chemicals Egypt,"Mansoura, Egypt",Chemicals,24.23,Argentina,Exporter,Cosmetics,Medium,1990,info@internationalco.eg,20236849825,Via Port Said Port,-1.98,USD,100,1,85.17,4.6,12.45,Nile Delta,Chemicals - Cosmetics,108,3,MENA,3,4.0,3.4,"{'trade_volume': 24.23, 'growth_rate': -1.98, 'success_rate': 85.17, 'trade_frequency': 100, 'business_size': 'Medium', 'trade_type': 'Exporter', 'category': 'Chemicals', 'egyptian_advantage': 3.4, 'location_region': 'Nile Delta'}"
Pharaoh Jewelry Handicrafts,"Kafr El Sheikh, Egypt",Handicrafts,13.46,Oman,Both,Jewelry,Small,1981,info@pharaohjewelryh.eg,20257785342,Via Port Said Port,-4.3,USD,48,0,63.02,3.5,8.29,Other Egypt,Handicrafts - Jewelry,109,2,MENA,3,3.0,2.7,"{'trade_volume': 13.46, 'growth_rate': -4.3, 'success_rate': 63.02, 'trade_frequency': 48, 'business_size': 'Small', 'trade_type': 'Both', 'category': 'Handicrafts', 'egyptian_advantage': 2.7, 'location_region': 'Other Egypt'}"
Components Electronics of Egypt,"Ismailia, Egypt",Electronics,50.51,Netherlands,Exporter,Components,Medium,2000,info@componentselect.eg,20328442418,Via Ismailia Port,9.34,USD,167,2,85.92,4.1,11.98,Suez Canal,Electronics - Components,110,5,Europe,4,3.0,3.9000000000000004,"{'trade_volume': 50.51, 'growth_rate': 9.34, 'success_rate': 85.92, 'trade_frequency': 167, 'business_size': 'Medium', 'trade_type': 'Exporter', 'category': 'Electronics', 'egyptian_advantage': 3.9000000000000004, 'location_region': 'Suez Canal'}"
Nile Delta Office Furniture,"Damanhur, Egypt",Furniture,4.53,Oman,Importer,Office,Small,1987,info@niledeltaoffice.eg,20332759434,Via Port Said Port,-6.09,USD,22,6,58.29,3.0,9.08,Other Egypt,Furniture - Office,111,2,MENA,3,3.0,2.7,"{'trade_volume': 4.53, 'growth_rate': -6.09, 'success_rate': 58.29, 'trade_frequency': 22, 'business_size': 'Small', 'trade_type': 'Importer', 'category': 'Furniture', 'egyptian_advantage': 2.7, 'location_region': 'Other Egypt'}"
Canned Foods Food Processing Group,"Luxor, Egypt",Food Processing,7.69,Tanzania,Both,Canned Foods,Small,2002,info@cannedfoodsfood.eg,20163215489,Via Safaga Port,-10.0,USD,29,4,65.46,3.6,12.64,Upper Egypt,Food Processing - Canned Foods,112,2,MENA,3,3.0,2.7,"{'trade_volume': 7.69, 'growth_rate': -10.0, 'success_rate': 65.46, 'trade_frequency': 29, 'business_size': 'Small', 'trade_type': 'Both', 'category': 'Food Processing', 'egyptian_advantage': 2.7, 'location_region': 'Upper Egypt'}"
Premium Copper Metals,"Mansoura, Egypt",Metals,363.95,Bahrain,Both,Copper,Large,2021,info@premiumcopperme.eg,20216616758,Via Alexandria Port,15.01,USD,365,6,98.0,4.5,10.64,Nile Delta,Metals - Copper,113,3,MENA,3,4.0,3.4,"{'trade_volume': 363.95, 'growth_rate': 15.01, 'success_rate': 98.0, 'trade_frequency': 365, 'business_size': 'Large', 'trade_type': 'Both', 'category': 'Metals', 'egyptian_advantage': 3.4, 'location_region': 'Nile Delta'}"
Spices Food Processing of Egypt,"Cairo, Egypt",Food Processing,79.12,Spain,Both,Spices,Medium,1999,info@spicesfoodproce.eg,20134929796,Via Safaga Port,-4.93,USD,249,0,75.27,3.9,12.22,Greater Cairo,Food Processing - Spices,114,4,Europe,3,3.0,3.3000000000000003,"{'trade_volume': 79.12, 'growth_rate': -4.93, 'success_rate': 75.27, 'trade_frequency': 249, 'business_size': 'Medium', 'trade_type': 'Both', 'category': 'Food Processing', 'egyptian_advantage': 3.3000000000000003, 'location_region': 'Greater Cairo'}"
Egyptian Brassware Handicrafts,"Suez, Egypt",Handicrafts,510.8,Italy,Both,Brassware,Large,2007,info@egyptianbrasswa.eg,20314472330,Via Suez Port,3.27,USD,365,5,93.43,4.7,14.24,Suez Canal,Handicrafts - Brassware,115,5,Europe,4,3.0,3.9000000000000004,"{'trade_volume': 510.8, 'growth_rate': 3.27, 'success_rate': 93.43, 'trade_frequency': 365, 'business_size': 'Large', 'trade_type': 'Both', 'category': 'Handicrafts', 'egyptian_advantage': 3.9000000000000004, 'location_region': 'Suez Canal'}"
Suez Canal Medicine Pharmaceuticals,"Ismailia, Egypt",Pharmaceuticals,466.71,UAE,Importer,Medicine,Large,1983,info@suezcanalmedici.eg,20146849722,Via Port Said Port,-4.15,USD,365,1,92.22,4.9,1.73,Suez Canal,Pharmaceuticals - Medicine,116,5,MENA,5,4.0,4.6,"{'trade_volume': 466.71, 'growth_rate': -4.15, 'success_rate': 92.22, 'trade_frequency': 365, 'business_size': 'Large', 'trade_type': 'Importer', 'category': 'Pharmaceuticals', 'egyptian_advantage': 4.6, 'location_region': 'Suez Canal'}"
Cairo Beverages Food Processing,"Kafr El Sheikh, Egypt",Food Processing,5.93,Ghana,Importer,Beverages,Small,2016,info@cairobeveragesf.eg,20130291778,Via Suez Port,-0.42,USD,40,2,88.67,4.3,6.41,Other Egypt,Food Processing - Beverages,117,2,Africa,3,3.0,2.7,"{'trade_volume': 5.93, 'growth_rate': -0.42, 'success_rate': 88.67, 'trade_frequency': 40, 'business_size': 'Small', 'trade_type': 'Importer', 'category': 'Food Processing', 'egyptian_advantage': 2.7, 'location_region': 'Other Egypt'}"
United Detergents Chemicals,"Assiut, Egypt",Chemicals,12.52,Mexico,Exporter,Detergents,Small,1992,info@uniteddetergent.eg,20289433446,Via Port Said Port,4.11,USD,49,4,74.77,3.6,9.19,Upper Egypt,Chemicals - Detergents,118,2,MENA,3,4.0,3.1,"{'trade_volume': 12.52, 'growth_rate': 4.11, 'success_rate': 74.77, 'trade_frequency': 49, 'business_size': 'Small', 'trade_type': 'Exporter', 'category': 'Chemicals', 'egyptian_advantage': 3.1, 'location_region': 'Upper Egypt'}"
Egypt Office Furniture Company,"Luxor, Egypt",Furniture,8.97,Qatar,Importer,Office,Small,1992,info@egyptofficefurn.eg,20339665278,Via Alexandria Port,-8.11,USD,36,6,95.04,4.8,10.24,Upper Egypt,Furniture - Office,119,2,MENA,3,3.0,2.7,"{'trade_volume': 8.97, 'growth_rate': -8.11, 'success_rate': 95.04, 'trade_frequency': 36, 'business_size': 'Small', 'trade_type': 'Importer', 'category': 'Furniture', 'egyptian_advantage': 2.7, 'location_region': 'Upper Egypt'}"
Egypt Vegetables Agriculture Company,"Fayoum, Egypt",Agriculture,9.98,Morocco,Exporter,Vegetables,Small,1999,info@egyptvegetables.eg,20214163942,Via Suez Port,-4.52,USD,43,1,62.61,3.5,1.91,Upper Egypt,Agriculture - Vegetables,120,2,Africa,5,5.0,4.1,"{'trade_volume': 9.98, 'growth_rate': -4.52, 'success_rate': 62.61, 'trade_frequency': 43, 'business_size': 'Small', 'trade_type': 'Exporter', 'category': 'Agriculture', 'egyptian_advantage': 4.1, 'location_region': 'Upper Egypt'}"
Ancient Leather Handicrafts,"Safaga, Egypt",Handicrafts,11.11,United Kingdom,Exporter,Leather,Small,2016,info@ancientleatherh.eg,20134508079,Via Suez Port,-6.8,USD,33,5,69.9,3.2,12.95,Other Egypt,Handicrafts - Leather,121,2,MENA,3,3.0,2.7,"{'trade_volume': 11.11, 'growth_rate': -6.8, 'success_rate': 69.9, 'trade_frequency': 33, 'business_size': 'Small', 'trade_type': 'Exporter', 'category': 'Handicrafts', 'egyptian_advantage': 2.7, 'location_region': 'Other Egypt'}"
Communications Electronics Exports,"New Cairo, Egypt",Electronics,17.66,Belgium,Both,Communications,Small,2022,info@communicationse.eg,20299958896,Via Alexandria Port,-6.62,USD,64,6,79.17,3.9,14.79,Greater Cairo,Electronics - Communications,122,4,Europe,3,3.0,3.3000000000000003,"{'trade_volume': 17.66, 'growth_rate': -6.62, 'success_rate': 79.17, 'trade_frequency': 64, 'business_size': 'Small', 'trade_type': 'Both', 'category': 'Electronics', 'egyptian_advantage': 3.3000000000000003, 'location_region': 'Greater Cairo'}"
Dates Agriculture Exports,"Zagazig, Egypt",Agriculture,591.5,South Africa,Both,Dates,Large,1994,info@datesagricultur.eg,20345436136,Via Safaga Port,-3.38,USD,365,0,89.02,4.4,10.68,Other Egypt,Agriculture - Dates,123,2,Africa,3,5.0,3.5,"{'trade_volume': 591.5, 'growth_rate': -3.38, 'success_rate': 89.02, 'trade_frequency': 365, 'business_size': 'Large', 'trade_type': 'Both', 'category': 'Agriculture', 'egyptian_advantage': 3.5, 'location_region': 'Other Egypt'}"
International Office Furniture Egypt,"Alexandria, Egypt",Furniture,28.98,Qatar,Importer,Office,Medium,1989,info@internationalof.eg,20210317468,Via Alexandria Port,-10.0,USD,92,1,85.23,4.6,3.8,Mediterranean Coast,Furniture - Office,124,5,MENA,4,3.0,3.9000000000000004,"{'trade_volume': 28.98, 'growth_rate': -10.0, 'success_rate': 85.23, 'trade_frequency': 92, 'business_size': 'Medium', 'trade_type': 'Importer', 'category': 'Furniture', 'egyptian_advantage': 3.9000000000000004, 'location_region': 'Mediterranean Coast'}"
Greater Cairo Plastics Chemicals,"New Cairo, Egypt",Chemicals,55.75,Argentina,Importer,Plastics,Medium,2007,info@greatercairopla.eg,20299182773,Via Alexandria Port,6.82,USD,179,1,83.2,4.2,1.48,Greater Cairo,Chemicals - Plastics,125,4,MENA,4,4.0,4.0,"{'trade_volume': 55.75, 'growth_rate': 6.82, 'success_rate': 83.2, 'trade_frequency': 179, 'business_size': 'Medium', 'trade_type': 'Importer', 'category': 'Chemicals', 'egyptian_advantage': 4.0, 'location_region': 'Greater Cairo'}"
Nile Spices Food Processing,"Ismailia, Egypt",Food Processing,21.71,Nigeria,Exporter,Spices,Medium,1986,info@nilespicesfoodp.eg,20322191083,Via Suez Port,2.56,USD,88,2,79.63,3.9,12.36,Suez Canal,Food Processing - Spices,126,5,Africa,3,3.0,3.6,"{'trade_volume': 21.71, 'growth_rate': 2.56, 'success_rate': 79.63, 'trade_frequency': 88, 'business_size': 'Medium', 'trade_type': 'Exporter', 'category': 'Food Processing', 'egyptian_advantage': 3.6, 'location_region': 'Suez Canal'}"
Upper Egypt Wooden Furniture,"Beni Suef, Egypt",Furniture,63.67,UAE,Both,Wooden,Medium,2017,info@upperegyptwoode.eg,20311035070,Via Port Said Port,11.87,USD,202,1,86.41,4.4,12.07,Upper Egypt,Furniture - Wooden,127,2,MENA,3,3.0,2.7,"{'trade_volume': 63.67, 'growth_rate': 11.87, 'success_rate': 86.41, 'trade_frequency': 202, 'business_size': 'Medium', 'trade_type': 'Both', 'category': 'Furniture', 'egyptian_advantage': 2.7, 'location_region': 'Upper Egypt'}"
Nile Fertilizers Chemicals,"Dahab, Egypt",Chemicals,54.18,Argentina,Exporter,Fertilizers,Medium,2002,info@nilefertilizers.eg,20114457651,Via Suez Port,-3.17,USD,163,6,85.16,4.7,8.48,Other Egypt,Chemicals - Fertilizers,128,2,MENA,3,4.0,3.1,"{'trade_volume': 54.18, 'growth_rate': -3.17, 'success_rate': 85.16, 'trade_frequency': 163, 'business_size': 'Medium', 'trade_type': 'Exporter', 'category': 'Chemicals', 'egyptian_advantage': 3.1, 'location_region': 'Other Egypt'}"
Premium Vegetables Agriculture,"Fayoum, Egypt",Agriculture,530.64,France,Exporter,Vegetables,Large,2010,info@premiumvegetabl.eg,20338968542,Via Alexandria Port,-1.78,USD,365,5,74.72,4.0,3.62,Upper Egypt,Agriculture - Vegetables,129,2,Europe,2,5.0,3.2,"{'trade_volume': 530.64, 'growth_rate': -1.78, 'success_rate': 74.72, 'trade_frequency': 365, 'business_size': 'Large', 'trade_type': 'Exporter', 'category': 'Agriculture', 'egyptian_advantage': 3.2, 'location_region': 'Upper Egypt'}"
Egyptian Communications Electronics,"Tanta, Egypt",Electronics,271.49,Ethiopia,Importer,Communications,Large,2001,info@egyptiancommuni.eg,20355497761,Via Port Said Port,-10.0,USD,365,5,98.0,4.7,3.57,Nile Delta,Electronics - Communications,130,3,Africa,3,3.0,3.0,"{'trade_volume': 271.49, 'growth_rate': -10.0, 'success_rate': 98.0, 'trade_frequency': 365, 'business_size': 'Large', 'trade_type': 'Importer', 'category': 'Electronics', 'egyptian_advantage': 3.0, 'location_region': 'Nile Delta'}"
Pharaoh Aluminum Metals,"Minya, Egypt",Metals,4.73,Mexico,Exporter,Aluminum,Small,1987,info@pharaohaluminum.eg,20327246846,Via Damietta Port,-3.24,USD,26,0,59.35,3.7,4.11,Upper Egypt,Metals - Aluminum,131,2,MENA,3,4.0,3.1,"{'trade_volume': 4.73, 'growth_rate': -3.24, 'success_rate': 59.35, 'trade_frequency': 26, 'business_size': 'Small', 'trade_type': 'Exporter', 'category': 'Metals', 'egyptian_advantage': 3.1, 'location_region': 'Upper Egypt'}"
El Glass Construction,"El Arish, Egypt",Construction,37.79,South Africa,Both,Glass,Medium,1991,info@elglassconstruc.eg,20369597363,Via Suez Port,-3.23,USD,131,6,83.09,4.4,3.1,Other Egypt,Construction - Glass,132,2,Africa,3,3.0,2.7,"{'trade_volume': 37.79, 'growth_rate': -3.23, 'success_rate': 83.09, 'trade_frequency': 131, 'business_size': 'Medium', 'trade_type': 'Both', 'category': 'Construction', 'egyptian_advantage': 2.7, 'location_region': 'Other Egypt'}"
Zagazig Cement Construction,"Zagazig, Egypt",Construction,13.97,Argentina,Exporter,Cement,Small,1989,info@zagazigcementco.eg,20291869225,Via Safaga Port,-10.0,USD,56,0,80.37,4.4,1.21,Other Egypt,Construction - Cement,133,2,MENA,3,3.0,2.7,"{'trade_volume': 13.97, 'growth_rate': -10.0, 'success_rate': 80.37, 'trade_frequency': 56, 'business_size': 'Small', 'trade_type': 'Exporter', 'category': 'Construction', 'egyptian_advantage': 2.7, 'location_region': 'Other Egypt'}"
Pharaoh Medical Supplies Pharmaceuticals,"Safaga, Egypt",Pharmaceuticals,78.18,France,Exporter,Medical Supplies,Medium,2008,info@pharaohmedicals.eg,20163467976,Via Suez Port,8.2,USD,240,6,98.0,5.0,3.37,Other Egypt,Pharmaceuticals - Medical Supplies,134,2,Europe,3,4.0,3.1,"{'trade_volume': 78.18, 'growth_rate': 8.2, 'success_rate': 98.0, 'trade_frequency': 240, 'business_size': 'Medium', 'trade_type': 'Exporter', 'category': 'Pharmaceuticals', 'egyptian_advantage': 3.1, 'location_region': 'Other Egypt'}"
Cotton Textiles Group,"Dahab, Egypt",Textiles,16.09,South Korea,Importer,Cotton,Small,2019,info@cottontextilesg.eg,20267399302,Via Alexandria Port,11.82,USD,59,2,91.36,4.5,9.8,Other Egypt,Textiles - Cotton,135,2,Asia,3,5.0,3.5,"{'trade_volume': 16.09, 'growth_rate': 11.82, 'success_rate': 91.36, 'trade_frequency': 59, 'business_size': 'Small', 'trade_type': 'Importer', 'category': 'Textiles', 'egyptian_advantage': 3.5, 'location_region': 'Other Egypt'}"
Golden Cement Construction,"Aswan, Egypt",Construction,7.21,Nigeria,Both,Cement,Small,1995,info@goldencementcon.eg,20133927080,Via Suez Port,-0.03,USD,40,0,98.0,4.8,8.57,Upper Egypt,Construction - Cement,136,2,Africa,5,3.0,3.3000000000000003,"{'trade_volume': 7.21, 'growth_rate': -0.03, 'success_rate': 98.0, 'trade_frequency': 40, 'business_size': 'Small', 'trade_type': 'Both', 'category': 'Construction', 'egyptian_advantage': 3.3000000000000003, 'location_region': 'Upper Egypt'}"
Premium Medicine Pharmaceuticals,"Damanhur, Egypt",Pharmaceuticals,12.52,Lebanon,Both,Medicine,Medium,1986,info@premiummedicine.eg,20215761530,Via Suez Port,-10.0,USD,60,2,87.79,4.2,7.24,Other Egypt,Pharmaceuticals - Medicine,137,2,MENA,3,4.0,3.1,"{'trade_volume': 12.52, 'growth_rate': -10.0, 'success_rate': 87.79, 'trade_frequency': 60, 'business_size': 'Medium', 'trade_type': 'Both', 'category': 'Pharmaceuticals', 'egyptian_advantage': 3.1, 'location_region': 'Other Egypt'}"
Paints Chemicals of Egypt,"Beni Suef, Egypt",Chemicals,10.78,Jordan,Exporter,Paints,Small,2001,info@paintschemicals.eg,20124451643,Via Alexandria Port,2.23,USD,42,4,82.28,4.2,6.06,Upper Egypt,Chemicals - Paints,138,2,MENA,3,4.0,3.1,"{'trade_volume': 10.78, 'growth_rate': 2.23, 'success_rate': 82.28, 'trade_frequency': 42, 'business_size': 'Small', 'trade_type': 'Exporter', 'category': 'Chemicals', 'egyptian_advantage': 3.1, 'location_region': 'Upper Egypt'}"
Plastics Chemicals Egypt,"Alexandria, Egypt",Chemicals,18.8,Vietnam,Importer,Plastics,Small,1991,info@plasticschemica.eg,20149039476,Via Alexandria Port,-10.0,USD,73,5,70.54,3.8,6.81,Mediterranean Coast,Chemicals - Plastics,139,5,Asia,3,4.0,4.0,"{'trade_volume': 18.8, 'growth_rate': -10.0, 'success_rate': 70.54, 'trade_frequency': 73, 'business_size': 'Small', 'trade_type': 'Importer', 'category': 'Chemicals', 'egyptian_advantage': 4.0, 'location_region': 'Mediterranean Coast'}"
Modern Herbal Pharmaceuticals,"Zagazig, Egypt",Pharmaceuticals,4.06,Jordan,Exporter,Herbal,Small,2013,info@modernherbalpha.eg,20177724610,Via Port Said Port,-4.55,USD,22,2,92.15,4.9,6.0,Other Egypt,Pharmaceuticals - Herbal,140,2,MENA,3,4.0,3.1,"{'trade_volume': 4.06, 'growth_rate': -4.55, 'success_rate': 92.15, 'trade_frequency': 22, 'business_size': 'Small', 'trade_type': 'Exporter', 'category': 'Pharmaceuticals', 'egyptian_advantage': 3.1, 'location_region': 'Other Egypt'}"
Cairo Dairy Food Processing,"Safaga, Egypt",Food Processing,12.36,South Africa,Importer,Dairy,Small,2009,info@cairodairyfoodp.eg,20151335629,Via Suez Port,5.43,USD,45,5,95.85,4.9,5.1,Other Egypt,Food Processing - Dairy,141,2,Africa,3,3.0,2.7,"{'trade_volume': 12.36, 'growth_rate': 5.43, 'success_rate': 95.85, 'trade_frequency': 45, 'business_size': 'Small', 'trade_type': 'Importer', 'category': 'Food Processing', 'egyptian_advantage': 2.7, 'location_region': 'Other Egypt'}"
6th of October Herbal Pharmaceuticals,"6th of October, Egypt",Pharmaceuticals,484.92,Japan,Both,Herbal,Large,1995,info@6thofoctoberher.eg,20192236102,Via Safaga Port,-2.54,USD,365,4,98.0,4.7,13.47,Other Egypt,Pharmaceuticals - Herbal,142,2,Asia,3,4.0,3.1,"{'trade_volume': 484.92, 'growth_rate': -2.54, 'success_rate': 98.0, 'trade_frequency': 365, 'business_size': 'Large', 'trade_type': 'Both', 'category': 'Pharmaceuticals', 'egyptian_advantage': 3.1, 'location_region': 'Other Egypt'}"
El Ceramics Construction,"Alexandria, Egypt",Construction,92.52,Saudi Arabia,Importer,Ceramics,Medium,2001,info@elceramicsconst.eg,20372136336,Via Damietta Port,-9.76,USD,290,4,68.06,2.5,3.15,Mediterranean Coast,Construction - Ceramics,143,5,MENA,4,3.0,3.9000000000000004,"{'trade_volume': 92.52, 'growth_rate': -9.76, 'success_rate': 68.06, 'trade_frequency': 290, 'business_size': 'Medium', 'trade_type': 'Importer', 'category': 'Construction', 'egyptian_advantage': 3.9000000000000004, 'location_region': 'Mediterranean Coast'}"
Nile Transportation Tourism,"Safaga, Egypt",Tourism,9.37,Morocco,Exporter,Transportation,Small,1988,info@niletransportat.eg,20168514690,Via Suez Port,-7.43,USD,40,0,76.06,3.8,2.15,Other Egypt,Tourism - Transportation,144,2,Africa,3,3.0,2.7,"{'trade_volume': 9.37, 'growth_rate': -7.43, 'success_rate': 76.06, 'trade_frequency': 40, 'business_size': 'Small', 'trade_type': 'Exporter', 'category': 'Tourism', 'egyptian_advantage': 2.7, 'location_region': 'Other Egypt'}"
Damanhur Components Electronics,"Damanhur, Egypt",Electronics,10.14,Malaysia,Exporter,Components,Small,1995,info@damanhurcompone.eg,20354281944,Via Damietta Port,-9.7,USD,55,5,57.86,2.8,10.66,Other Egypt,Electronics - Components,145,2,Asia,3,3.0,2.7,"{'trade_volume': 10.14, 'growth_rate': -9.7, 'success_rate': 57.86, 'trade_frequency': 55, 'business_size': 'Small', 'trade_type': 'Exporter', 'category': 'Electronics', 'egyptian_advantage': 2.7, 'location_region': 'Other Egypt'}"
Fruits Agriculture Exports,"6th of October, Egypt",Agriculture,17.47,China,Both,Fruits,Small,1997,info@fruitsagricultu.eg,20377686176,Via Port Said Port,-0.78,USD,68,5,72.18,3.9,11.27,Other Egypt,Agriculture - Fruits,146,2,Asia,3,5.0,3.5,"{'trade_volume': 17.47, 'growth_rate': -0.78, 'success_rate': 72.18, 'trade_frequency': 68, 'business_size': 'Small', 'trade_type': 'Both', 'category': 'Agriculture', 'egyptian_advantage': 3.5, 'location_region': 'Other Egypt'}"
Delta Aluminum Metals,"Safaga, Egypt",Metals,62.77,Germany,Exporter,Aluminum,Large,1989,info@deltaaluminumme.eg,20171942900,Via Suez Port,-0.64,USD,201,4,88.02,4.2,6.02,Other Egypt,Metals - Aluminum,147,2,Europe,3,4.0,3.1,"{'trade_volume': 62.77, 'growth_rate': -0.64, 'success_rate': 88.02, 'trade_frequency': 201, 'business_size': 'Large', 'trade_type': 'Exporter', 'category': 'Metals', 'egyptian_advantage': 3.1, 'location_region': 'Other Egypt'}"
Delta Cement Construction,"Beni Suef, Egypt",Construction,37.04,Lebanon,Both,Cement,Medium,2009,info@deltacementcons.eg,20189483185,Via Safaga Port,-7.47,USD,122,6,75.71,4.1,12.41,Upper Egypt,Construction - Cement,148,2,MENA,3,3.0,2.7,"{'trade_volume': 37.04, 'growth_rate': -7.47, 'success_rate': 75.71, 'trade_frequency': 122, 'business_size': 'Medium', 'trade_type': 'Both', 'category': 'Construction', 'egyptian_advantage': 2.7, 'location_region': 'Upper Egypt'}"
Craft Tourism House,"Hurghada, Egypt",Tourism,53.79,Germany,Importer,Craft,Medium,1989,info@crafttourismhou.eg,20357884812,Via Safaga Port,-4.15,USD,170,1,79.14,3.8,7.77,Red Sea,Tourism - Craft,149,4,Europe,3,3.0,3.3000000000000003,"{'trade_volume': 53.79, 'growth_rate': -4.15, 'success_rate': 79.14, 'trade_frequency': 170, 'business_size': 'Medium', 'trade_type': 'Importer', 'category': 'Tourism', 'egyptian_advantage': 3.3000000000000003, 'location_region': 'Red Sea'}"
Golden Metal Furniture,"Damietta, Egypt",Furniture,90.8,India,Importer,Metal,Medium,2022,info@goldenmetalfurn.eg,20183137763,Via Damietta Port,17.08,USD,280,1,93.44,4.6,14.37,Mediterranean Coast,Furniture - Metal,150,5,Asia,3,3.0,3.6,"{'trade_volume': 90.8, 'growth_rate': 17.08, 'success_rate': 93.44, 'trade_frequency': 280, 'business_size': 'Medium', 'trade_type': 'Importer', 'category': 'Furniture', 'egyptian_advantage': 3.6, 'location_region': 'Mediterranean Coast'}"
Alexandria Spices Food Processing,"Qena, Egypt",Food Processing,6.11,Kuwait,Exporter,Spices,Small,2003,info@alexandriaspice.eg,20233411418,Via Port Said Port,-4.56,USD,36,4,69.81,3.8,1.29,Upper Egypt,Food Processing - Spices,151,2,MENA,3,3.0,2.7,"{'trade_volume': 6.11, 'growth_rate': -4.56, 'success_rate': 69.81, 'trade_frequency': 36, 'business_size': 'Small', 'trade_type': 'Exporter', 'category': 'Food Processing', 'egyptian_advantage': 2.7, 'location_region': 'Upper Egypt'}"
Plastics Chemicals House,"Assiut, Egypt",Chemicals,11.95,Kenya,Both,Plastics,Small,2001,info@plasticschemica.eg,20196599829,Via Alexandria Port,-1.18,USD,41,4,87.76,4.3,13.37,Upper Egypt,Chemicals - Plastics,152,2,Africa,5,4.0,3.7,"{'trade_volume': 11.95, 'growth_rate': -1.18, 'success_rate': 87.76, 'trade_frequency': 41, 'business_size': 'Small', 'trade_type': 'Both', 'category': 'Chemicals', 'egyptian_advantage': 3.7, 'location_region': 'Upper Egypt'}"
Upper Egypt Paints Chemicals,"Qena, Egypt",Chemicals,13.05,UAE,Importer,Paints,Small,2010,info@upperegyptpaint.eg,20225546993,Via Safaga Port,4.49,USD,44,6,97.79,4.5,14.37,Upper Egypt,Chemicals - Paints,153,2,MENA,3,4.0,3.1,"{'trade_volume': 13.05, 'growth_rate': 4.49, 'success_rate': 97.79, 'trade_frequency': 44, 'business_size': 'Small', 'trade_type': 'Importer', 'category': 'Chemicals', 'egyptian_advantage': 3.1, 'location_region': 'Upper Egypt'}"
Royal Detergents Chemicals,"Suez, Egypt",Chemicals,10.8,Jordan,Importer,Detergents,Small,1992,info@royaldetergents.eg,20136442230,Via Suez Port,-7.18,USD,50,3,73.27,4.2,2.72,Suez Canal,Chemicals - Detergents,154,5,MENA,5,4.0,4.6,"{'trade_volume': 10.8, 'growth_rate': -7.18, 'success_rate': 73.27, 'trade_frequency': 50, 'business_size': 'Small', 'trade_type': 'Importer', 'category': 'Chemicals', 'egyptian_advantage': 4.6, 'location_region': 'Suez Canal'}"
Hotels Tourism Group,"Sohag, Egypt",Tourism,545.37,South Africa,Importer,Hotels,Large,2012,info@hotelstourismgr.eg,20275182779,Via Suez Port,10.37,USD,365,4,95.14,4.7,7.92,Upper Egypt,Tourism - Hotels,155,2,Africa,5,3.0,3.3000000000000003,"{'trade_volume': 545.37, 'growth_rate': 10.37, 'success_rate': 95.14, 'trade_frequency': 365, 'business_size': 'Large', 'trade_type': 'Importer', 'category': 'Tourism', 'egyptian_advantage': 3.3000000000000003, 'location_region': 'Upper Egypt'}"
Upper Egypt Craft Tourism,"Beni Suef, Egypt",Tourism,1.98,UAE,Both,Craft,Small,1992,info@upperegyptcraft.eg,20187354416,Via Suez Port,-10.0,USD,14,4,68.04,3.3,2.41,Upper Egypt,Tourism - Craft,156,2,MENA,3,3.0,2.7,"{'trade_volume': 1.98, 'growth_rate': -10.0, 'success_rate': 68.04, 'trade_frequency': 14, 'business_size': 'Small', 'trade_type': 'Both', 'category': 'Tourism', 'egyptian_advantage': 2.7, 'location_region': 'Upper Egypt'}"
Ceramics Construction House,"Fayoum, Egypt",Construction,5.51,Bahrain,Both,Ceramics,Small,2009,info@ceramicsconstru.eg,20258883734,Via Port Said Port,0.75,USD,30,3,71.0,4.0,14.53,Upper Egypt,Construction - Ceramics,157,2,MENA,3,3.0,2.7,"{'trade_volume': 5.51, 'growth_rate': 0.75, 'success_rate': 71.0, 'trade_frequency': 30, 'business_size': 'Small', 'trade_type': 'Both', 'category': 'Construction', 'egyptian_advantage': 2.7, 'location_region': 'Upper Egypt'}"
Royal Papyrus Handicrafts,"Beni Suef, Egypt",Handicrafts,181.27,Oman,Exporter,Papyrus,Large,2000,info@royalpapyrushan.eg,20184946013,Via Safaga Port,3.94,USD,365,4,98.0,4.7,1.05,Upper Egypt,Handicrafts - Papyrus,158,2,MENA,3,3.0,2.7,"{'trade_volume': 181.27, 'growth_rate': 3.94, 'success_rate': 98.0, 'trade_frequency': 365, 'business_size': 'Large', 'trade_type': 'Exporter', 'category': 'Handicrafts', 'egyptian_advantage': 2.7, 'location_region': 'Upper Egypt'}"
Medical Supplies Pharmaceuticals Exports,"Fayoum, Egypt",Pharmaceuticals,1.63,Jordan,Exporter,Medical Supplies,Small,2014,info@medicalsupplies.eg,20320498255,Via Safaga Port,3.2,USD,20,1,57.52,2.9,10.4,Upper Egypt,Pharmaceuticals - Medical Supplies,159,2,MENA,3,4.0,3.1,"{'trade_volume': 1.63, 'growth_rate': 3.2, 'success_rate': 57.52, 'trade_frequency': 20, 'business_size': 'Small', 'trade_type': 'Exporter', 'category': 'Pharmaceuticals', 'egyptian_advantage': 3.1, 'location_region': 'Upper Egypt'}"
Marble Construction House,"El Arish, Egypt",Construction,6.08,Malaysia,Importer,Marble,Small,2016,info@marbleconstruct.eg,20275554258,Via Safaga Port,7.18,USD,31,3,76.26,3.9,4.46,Other Egypt,Construction - Marble,160,2,Asia,3,3.0,2.7,"{'trade_volume': 6.08, 'growth_rate': 7.18, 'success_rate': 76.26, 'trade_frequency': 31, 'business_size': 'Small', 'trade_type': 'Importer', 'category': 'Construction', 'egyptian_advantage': 2.7, 'location_region': 'Other Egypt'}"
Greater Cairo Brassware Handicrafts,"Giza, Egypt",Handicrafts,64.6,Mexico,Exporter,Brassware,Medium,2008,info@greatercairobra.eg,20264783009,Via Safaga Port,-5.44,USD,209,0,80.51,4.2,11.16,Greater Cairo,Handicrafts - Brassware,161,4,MENA,4,3.0,3.6000000000000005,"{'trade_volume': 64.6, 'growth_rate': -5.44, 'success_rate': 80.51, 'trade_frequency': 209, 'business_size': 'Medium', 'trade_type': 'Exporter', 'category': 'Handicrafts', 'egyptian_advantage': 3.6000000000000005, 'location_region': 'Greater Cairo'}"
Sohag Cosmetics Chemicals,"Sohag, Egypt",Chemicals,4.04,Ethiopia,Both,Cosmetics,Small,2013,info@sohagcosmeticsc.eg,20335316016,Via Port Said Port,1.3,USD,25,6,95.34,4.7,10.34,Upper Egypt,Chemicals - Cosmetics,162,2,Africa,5,4.0,3.7,"{'trade_volume': 4.04, 'growth_rate': 1.3, 'success_rate': 95.34, 'trade_frequency': 25, 'business_size': 'Small', 'trade_type': 'Both', 'category': 'Chemicals', 'egyptian_advantage': 3.7, 'location_region': 'Upper Egypt'}"
Delta Craft Tourism,"Giza, Egypt",Tourism,1.75,Greece,Exporter,Craft,Small,2007,info@deltacrafttouri.eg,20299631183,Via Suez Port,14.33,USD,25,4,65.32,2.8,14.56,Greater Cairo,Tourism - Craft,163,4,Europe,3,3.0,3.3000000000000003,"{'trade_volume': 1.75, 'growth_rate': 14.33, 'success_rate': 65.32, 'trade_frequency': 25, 'business_size': 'Small', 'trade_type': 'Exporter', 'category': 'Tourism', 'egyptian_advantage': 3.3000000000000003, 'location_region': 'Greater Cairo'}"
Craft Tourism Egypt,"Tanta, Egypt",Tourism,5.84,Ghana,Importer,Craft,Small,2001,info@crafttourismegy.eg,20312787593,Via Port Said Port,2.41,USD,31,6,80.09,4.1,11.84,Nile Delta,Tourism - Craft,164,3,Africa,3,3.0,3.0,"{'trade_volume': 5.84, 'growth_rate': 2.41, 'success_rate': 80.09, 'trade_frequency': 31, 'business_size': 'Small', 'trade_type': 'Importer', 'category': 'Tourism', 'egyptian_advantage': 3.0, 'location_region': 'Nile Delta'}"
Alexandria Jewelry Handicrafts,"Minya, Egypt",Handicrafts,11.54,Lebanon,Both,Jewelry,Small,1990,info@alexandriajewel.eg,20171174520,Via Port Said Port,-6.14,USD,48,6,84.33,4.5,11.48,Upper Egypt,Handicrafts - Jewelry,165,2,MENA,3,3.0,2.7,"{'trade_volume': 11.54, 'growth_rate': -6.14, 'success_rate': 84.33, 'trade_frequency': 48, 'business_size': 'Small', 'trade_type': 'Both', 'category': 'Handicrafts', 'egyptian_advantage': 2.7, 'location_region': 'Upper Egypt'}"
Pharaoh Marble Construction,"Aswan, Egypt",Construction,326.23,Malaysia,Exporter,Marble,Large,1989,info@pharaohmarbleco.eg,20292092455,Via Suez Port,-9.05,USD,365,4,87.63,4.7,4.35,Upper Egypt,Construction - Marble,166,2,Asia,2,3.0,2.4000000000000004,"{'trade_volume': 326.23, 'growth_rate': -9.05, 'success_rate': 87.63, 'trade_frequency': 365, 'business_size': 'Large', 'trade_type': 'Exporter', 'category': 'Construction', 'egyptian_advantage': 2.4000000000000004, 'location_region': 'Upper Egypt'}"
Modern Papyrus Handicrafts,"Marsa Matruh, Egypt",Handicrafts,44.16,Belgium,Both,Papyrus,Medium,1980,info@modernpapyrusha.eg,20273944610,Via Suez Port,-10.0,USD,153,6,77.55,3.7,14.75,Other Egypt,Handicrafts - Papyrus,167,2,Europe,3,3.0,2.7,"{'trade_volume': 44.16, 'growth_rate': -10.0, 'success_rate': 77.55, 'trade_frequency': 153, 'business_size': 'Medium', 'trade_type': 'Both', 'category': 'Handicrafts', 'egyptian_advantage': 2.7, 'location_region': 'Other Egypt'}"
Cairo Resorts Tourism,"Cairo, Egypt",Tourism,1.83,Argentina,Importer,Resorts,Small,2011,info@cairoresortstou.eg,20370064280,Via Port Said Port,-0.89,USD,12,2,80.82,4.2,9.18,Greater Cairo,Tourism - Resorts,168,4,MENA,4,3.0,3.6000000000000005,"{'trade_volume': 1.83, 'growth_rate': -0.89, 'success_rate': 80.82, 'trade_frequency': 12, 'business_size': 'Small', 'trade_type': 'Importer', 'category': 'Tourism', 'egyptian_advantage': 3.6000000000000005, 'location_region': 'Greater Cairo'}"
Greater Cairo Flowers Agriculture,"Cairo, Egypt",Agriculture,11.03,Lebanon,Exporter,Flowers,Small,1988,info@greatercairoflo.eg,20391672063,Via Safaga Port,-9.45,USD,42,4,64.47,2.9,2.37,Greater Cairo,Agriculture - Flowers,169,4,MENA,4,5.0,4.4,"{'trade_volume': 11.03, 'growth_rate': -9.45, 'success_rate': 64.47, 'trade_frequency': 42, 'business_size': 'Small', 'trade_type': 'Exporter', 'category': 'Agriculture', 'egyptian_advantage': 4.4, 'location_region': 'Greater Cairo'}"
United Components Electronics,"New Cairo, Egypt",Electronics,2.82,Argentina,Exporter,Components,Small,2019,info@unitedcomponent.eg,20165876603,Via Safaga Port,-2.45,USD,3,2,70.36,4.1,13.83,Greater Cairo,Electronics - Components,170,4,MENA,4,3.0,3.6000000000000005,"{'trade_volume': 2.82, 'growth_rate': -2.45, 'success_rate': 70.36, 'trade_frequency': 3, 'business_size': 'Small', 'trade_type': 'Exporter', 'category': 'Electronics', 'egyptian_advantage': 3.6000000000000005, 'location_region': 'Greater Cairo'}"
United Paints Chemicals,"Qena, Egypt",Chemicals,6.48,Lebanon,Both,Paints,Small,2001,info@unitedpaintsche.eg,20119776377,Via Safaga Port,14.42,USD,34,5,84.4,4.3,12.78,Upper Egypt,Chemicals - Paints,171,2,MENA,3,4.0,3.1,"{'trade_volume': 6.48, 'growth_rate': 14.42, 'success_rate': 84.4, 'trade_frequency': 34, 'business_size': 'Small', 'trade_type': 'Both', 'category': 'Chemicals', 'egyptian_advantage': 3.1, 'location_region': 'Upper Egypt'}"
El Arish Gold Metals,"El Arish, Egypt",Metals,60.91,Ghana,Exporter,Gold,Medium,1997,info@elarishgoldmeta.eg,20389058779,Via Damietta Port,-3.84,USD,194,3,79.87,3.8,11.77,Other Egypt,Metals - Gold,172,2,Africa,3,4.0,3.1,"{'trade_volume': 60.91, 'growth_rate': -3.84, 'success_rate': 79.87, 'trade_frequency': 194, 'business_size': 'Medium', 'trade_type': 'Exporter', 'category': 'Metals', 'egyptian_advantage': 3.1, 'location_region': 'Other Egypt'}"
Appliances Electronics Industries,"Kafr El Sheikh, Egypt",Electronics,75.86,Jordan,Importer,Appliances,Medium,2006,info@applianceselect.eg,20278878334,Via Safaga Port,10.63,USD,250,2,63.18,3.2,4.79,Other Egypt,Electronics - Appliances,173,2,MENA,3,3.0,2.7,"{'trade_volume': 75.86, 'growth_rate': 10.63, 'success_rate': 63.18, 'trade_frequency': 250, 'business_size': 'Medium', 'trade_type': 'Importer', 'category': 'Electronics', 'egyptian_advantage': 2.7, 'location_region': 'Other Egypt'}"
Outdoor Furniture Exports,"Marsa Matruh, Egypt",Furniture,19.25,Jordan,Both,Outdoor,Small,1982,info@outdoorfurnitur.eg,20226465494,Via Port Said Port,-10.0,USD,66,3,57.39,2.6,13.04,Other Egypt,Furniture - Outdoor,174,2,MENA,3,3.0,2.7,"{'trade_volume': 19.25, 'growth_rate': -10.0, 'success_rate': 57.39, 'trade_frequency': 66, 'business_size': 'Small', 'trade_type': 'Both', 'category': 'Furniture', 'egyptian_advantage': 2.7, 'location_region': 'Other Egypt'}"
Fayoum Components Electronics,"Fayoum, Egypt",Electronics,11.97,Ghana,Exporter,Components,Small,2013,info@fayoumcomponent.eg,20243916037,Via Suez Port,13.62,USD,49,5,78.41,4.2,14.76,Upper Egypt,Electronics - Components,175,2,Africa,5,3.0,3.3000000000000003,"{'trade_volume': 11.97, 'growth_rate': 13.62, 'success_rate': 78.41, 'trade_frequency': 49, 'business_size': 'Small', 'trade_type': 'Exporter', 'category': 'Electronics', 'egyptian_advantage': 3.3000000000000003, 'location_region': 'Upper Egypt'}"
Royal Confectionery Food Processing,"Cairo, Egypt",Food Processing,268.01,Greece,Exporter,Confectionery,Large,2012,info@royalconfection.eg,20399562566,Via Port Said Port,9.72,USD,365,2,91.54,4.6,4.03,Greater Cairo,Food Processing - Confectionery,176,4,Europe,3,3.0,3.3000000000000003,"{'trade_volume': 268.01, 'growth_rate': 9.72, 'success_rate': 91.54, 'trade_frequency': 365, 'business_size': 'Large', 'trade_type': 'Exporter', 'category': 'Food Processing', 'egyptian_advantage': 3.3000000000000003, 'location_region': 'Greater Cairo'}"
Computers Electronics of Egypt,"Safaga, Egypt",Electronics,293.85,Brazil,Both,Computers,Large,2018,info@computerselectr.eg,20220076355,Via Safaga Port,3.19,USD,365,6,73.36,3.9,5.52,Other Egypt,Electronics - Computers,177,2,MENA,3,3.0,2.7,"{'trade_volume': 293.85, 'growth_rate': 3.19, 'success_rate': 73.36, 'trade_frequency': 365, 'business_size': 'Large', 'trade_type': 'Both', 'category': 'Electronics', 'egyptian_advantage': 2.7, 'location_region': 'Other Egypt'}"
Pharaoh Computers Electronics,"New Cairo, Egypt",Electronics,24.53,Vietnam,Importer,Computers,Medium,2015,info@pharaohcomputer.eg,20323784760,Via Safaga Port,5.22,USD,82,0,73.63,4.0,1.4,Greater Cairo,Electronics - Computers,178,4,Asia,3,3.0,3.3000000000000003,"{'trade_volume': 24.53, 'growth_rate': 5.22, 'success_rate': 73.63, 'trade_frequency': 82, 'business_size': 'Medium', 'trade_type': 'Importer', 'category': 'Electronics', 'egyptian_advantage': 3.3000000000000003, 'location_region': 'Greater Cairo'}"
Red Sea Detergents Chemicals,"Hurghada, Egypt",Chemicals,21.99,Vietnam,Both,Detergents,Medium,2003,info@redseadetergent.eg,20346132716,Via Safaga Port,3.91,USD,84,5,76.23,4.1,6.5,Red Sea,Chemicals - Detergents,179,4,Asia,4,4.0,4.0,"{'trade_volume': 21.99, 'growth_rate': 3.91, 'success_rate': 76.23, 'trade_frequency': 84, 'business_size': 'Medium', 'trade_type': 'Both', 'category': 'Chemicals', 'egyptian_advantage': 4.0, 'location_region': 'Red Sea'}"
Cairo Fabrics Textiles,"Assiut, Egypt",Textiles,575.04,Kuwait,Importer,Fabrics,Large,1986,info@cairofabricstex.eg,20315836547,Via Suez Port,-10.0,USD,365,0,98.0,4.6,3.57,Upper Egypt,Textiles - Fabrics,180,2,MENA,3,5.0,3.5,"{'trade_volume': 575.04, 'growth_rate': -10.0, 'success_rate': 98.0, 'trade_frequency': 365, 'business_size': 'Large', 'trade_type': 'Importer', 'category': 'Textiles', 'egyptian_advantage': 3.5, 'location_region': 'Upper Egypt'}"
Cairo Papyrus Handicrafts,"Port Said, Egypt",Handicrafts,322.82,Kuwait,Both,Papyrus,Large,1999,info@cairopapyrushan.eg,20132702135,Via Alexandria Port,0.72,USD,365,5,84.49,4.2,12.34,Mediterranean Coast,Handicrafts - Papyrus,181,5,MENA,4,3.0,3.9000000000000004,"{'trade_volume': 322.82, 'growth_rate': 0.72, 'success_rate': 84.49, 'trade_frequency': 365, 'business_size': 'Large', 'trade_type': 'Both', 'category': 'Handicrafts', 'egyptian_advantage': 3.9000000000000004, 'location_region': 'Mediterranean Coast'}"
Rugs Textiles Trading Egypt,"Luxor, Egypt",Textiles,4.35,Morocco,Both,Rugs,Small,1995,info@rugstextilestra.eg,20170714830,Via Port Said Port,7.55,USD,24,3,60.02,3.3,9.02,Upper Egypt,Textiles - Rugs,182,2,Africa,5,5.0,4.1,"{'trade_volume': 4.35, 'growth_rate': 7.55, 'success_rate': 60.02, 'trade_frequency': 24, 'business_size': 'Small', 'trade_type': 'Both', 'category': 'Textiles', 'egyptian_advantage': 4.1, 'location_region': 'Upper Egypt'}"
Garments Textiles of Egypt,"Zagazig, Egypt",Textiles,449.4,Kuwait,Both,Garments,Large,2020,info@garmentstextile.eg,20280374337,Via Suez Port,7.96,USD,365,0,91.71,4.8,2.27,Other Egypt,Textiles - Garments,183,2,MENA,3,5.0,3.5,"{'trade_volume': 449.4, 'growth_rate': 7.96, 'success_rate': 91.71, 'trade_frequency': 365, 'business_size': 'Large', 'trade_type': 'Both', 'category': 'Textiles', 'egyptian_advantage': 3.5, 'location_region': 'Other Egypt'}"
Egypt Beverages Food Processing Company,"Assiut, Egypt",Food Processing,383.88,Lebanon,Both,Beverages,Large,1996,info@egyptbeveragesf.eg,20173632992,Via Safaga Port,5.53,USD,365,6,90.99,4.9,12.7,Upper Egypt,Food Processing - Beverages,184,2,MENA,3,3.0,2.7,"{'trade_volume': 383.88, 'growth_rate': 5.53, 'success_rate': 90.99, 'trade_frequency': 365, 'business_size': 'Large', 'trade_type': 'Both', 'category': 'Food Processing', 'egyptian_advantage': 2.7, 'location_region': 'Upper Egypt'}"
Resorts Tourism Trading Egypt,"Suez, Egypt",Tourism,9.19,Bahrain,Exporter,Resorts,Small,1997,info@resortstourismt.eg,20271388617,Via Suez Port,4.7,USD,34,3,60.71,3.3,3.33,Suez Canal,Tourism - Resorts,185,5,MENA,5,3.0,4.2,"{'trade_volume': 9.19, 'growth_rate': 4.7, 'success_rate': 60.71, 'trade_frequency': 34, 'business_size': 'Small', 'trade_type': 'Exporter', 'category': 'Tourism', 'egyptian_advantage': 4.2, 'location_region': 'Suez Canal'}"
Nile Garments Textiles,"Safaga, Egypt",Textiles,9.49,Italy,Exporter,Garments,Small,1986,info@nilegarmentstex.eg,20188658411,Via Alexandria Port,-9.11,USD,44,3,93.3,4.6,4.98,Other Egypt,Textiles - Garments,186,2,Europe,3,5.0,3.5,"{'trade_volume': 9.49, 'growth_rate': -9.11, 'success_rate': 93.3, 'trade_frequency': 44, 'business_size': 'Small', 'trade_type': 'Exporter', 'category': 'Textiles', 'egyptian_advantage': 3.5, 'location_region': 'Other Egypt'}"
Red Sea Components Electronics,"Safaga, Egypt",Electronics,389.93,UAE,Both,Components,Large,1985,info@redseacomponent.eg,20185937906,Via Safaga Port,-10.0,USD,365,3,77.3,3.6,12.38,Other Egypt,Electronics - Components,187,2,MENA,3,3.0,2.7,"{'trade_volume': 389.93, 'growth_rate': -10.0, 'success_rate': 77.3, 'trade_frequency': 365, 'business_size': 'Large', 'trade_type': 'Both', 'category': 'Electronics', 'egyptian_advantage': 2.7, 'location_region': 'Other Egypt'}"
Carpets Textiles Group,"Damanhur, Egypt",Textiles,5.88,Oman,Both,Carpets,Small,1988,info@carpetstextiles.eg,20393438379,Via Safaga Port,-10.0,USD,40,5,89.85,4.5,10.0,Other Egypt,Textiles - Carpets,188,2,MENA,3,5.0,3.5,"{'trade_volume': 5.88, 'growth_rate': -10.0, 'success_rate': 89.85, 'trade_frequency': 40, 'business_size': 'Small', 'trade_type': 'Both', 'category': 'Textiles', 'egyptian_advantage': 3.5, 'location_region': 'Other Egypt'}"
Canned Foods Food Processing Trading Egypt,"Marsa Matruh, Egypt",Food Processing,86.68,South Korea,Both,Canned Foods,Medium,1991,info@cannedfoodsfood.eg,20281731871,Via Marsa Matruh Port,-7.13,USD,274,6,83.7,4.3,5.18,Other Egypt,Food Processing - Canned Foods,189,2,Asia,3,3.0,2.7,"{'trade_volume': 86.68, 'growth_rate': -7.13, 'success_rate': 83.7, 'trade_frequency': 274, 'business_size': 'Medium', 'trade_type': 'Both', 'category': 'Food Processing', 'egyptian_advantage': 2.7, 'location_region': 'Other Egypt'}"
Copper Metals House,"Zagazig, Egypt",Metals,11.78,Indonesia,Exporter,Copper,Small,2003,info@coppermetalshou.eg,20371829505,Via Alexandria Port,-3.04,USD,43,2,84.15,4.3,3.18,Other Egypt,Metals - Copper,190,2,Asia,3,4.0,3.1,"{'trade_volume': 11.78, 'growth_rate': -3.04, 'success_rate': 84.15, 'trade_frequency': 43, 'business_size': 'Small', 'trade_type': 'Exporter', 'category': 'Metals', 'egyptian_advantage': 3.1, 'location_region': 'Other Egypt'}"
Brassware Handicrafts of Egypt,"New Cairo, Egypt",Handicrafts,73.18,Mexico,Both,Brassware,Medium,2020,info@brasswarehandic.eg,20290461029,Via Damietta Port,13.86,USD,235,0,77.47,3.8,11.81,Greater Cairo,Handicrafts - Brassware,191,4,MENA,4,3.0,3.6000000000000005,"{'trade_volume': 73.18, 'growth_rate': 13.86, 'success_rate': 77.47, 'trade_frequency': 235, 'business_size': 'Medium', 'trade_type': 'Both', 'category': 'Handicrafts', 'egyptian_advantage': 3.6000000000000005, 'location_region': 'Greater Cairo'}"
Nile Dates Agriculture,"Damanhur, Egypt",Agriculture,12.0,Qatar,Importer,Dates,Small,2013,info@niledatesagricu.eg,20377904391,Via Safaga Port,-10.0,USD,46,6,84.83,4.2,6.2,Other Egypt,Agriculture - Dates,192,2,MENA,3,5.0,3.5,"{'trade_volume': 12.0, 'growth_rate': -10.0, 'success_rate': 84.83, 'trade_frequency': 46, 'business_size': 'Small', 'trade_type': 'Importer', 'category': 'Agriculture', 'egyptian_advantage': 3.5, 'location_region': 'Other Egypt'}"
Cairo Appliances Electronics,"Suez, Egypt",Electronics,579.51,Spain,Importer,Appliances,Large,2002,info@cairoappliances.eg,20336352561,Via Port Said Port,-6.89,USD,365,4,82.2,4.3,12.47,Suez Canal,Electronics - Appliances,193,5,Europe,4,3.0,3.9000000000000004,"{'trade_volume': 579.51, 'growth_rate': -6.89, 'success_rate': 82.2, 'trade_frequency': 365, 'business_size': 'Large', 'trade_type': 'Importer', 'category': 'Electronics', 'egyptian_advantage': 3.9000000000000004, 'location_region': 'Suez Canal'}"
Mediterranean Coast Cotton Textiles,"Marsa Matruh, Egypt",Textiles,13.15,Japan,Both,Cotton,Small,1983,info@mediterraneanco.eg,20135074148,Via Marsa Matruh Port,-10.0,USD,56,1,96.0,4.5,9.47,Other Egypt,Textiles - Cotton,194,2,Asia,3,5.0,3.5,"{'trade_volume': 13.15, 'growth_rate': -10.0, 'success_rate': 96.0, 'trade_frequency': 56, 'business_size': 'Small', 'trade_type': 'Both', 'category': 'Textiles', 'egyptian_advantage': 3.5, 'location_region': 'Other Egypt'}"
Sinai Souvenirs Tourism,"Sharm El Sheikh, Egypt",Tourism,2.49,Jordan,Exporter,Souvenirs,Small,2021,info@sinaisouvenirst.eg,20336278946,Via Alexandria Port,5.48,USD,18,5,72.66,4.0,7.32,Sinai,Tourism - Souvenirs,195,3,MENA,5,3.0,3.6,"{'trade_volume': 2.49, 'growth_rate': 5.48, 'success_rate': 72.66, 'trade_frequency': 18, 'business_size': 'Small', 'trade_type': 'Exporter', 'category': 'Tourism', 'egyptian_advantage': 3.6, 'location_region': 'Sinai'}"
Upper Egypt Ceramics Construction,"Qena, Egypt",Construction,9.48,Ethiopia,Both,Ceramics,Small,1990,info@upperegyptceram.eg,20160203708,Via Alexandria Port,6.42,USD,34,4,76.7,3.7,13.44,Upper Egypt,Construction - Ceramics,196,2,Africa,5,3.0,3.3000000000000003,"{'trade_volume': 9.48, 'growth_rate': 6.42, 'success_rate': 76.7, 'trade_frequency': 34, 'business_size': 'Small', 'trade_type': 'Both', 'category': 'Construction', 'egyptian_advantage': 3.3000000000000003, 'location_region': 'Upper Egypt'}"
Pharaoh Beverages Food Processing,"Aswan, Egypt",Food Processing,45.63,UAE,Both,Beverages,Medium,1982,info@pharaohbeverage.eg,20178455727,Via Alexandria Port,-4.03,USD,152,4,68.73,3.6,11.29,Upper Egypt,Food Processing - Beverages,197,2,MENA,3,3.0,2.7,"{'trade_volume': 45.63, 'growth_rate': -4.03, 'success_rate': 68.73, 'trade_frequency': 152, 'business_size': 'Medium', 'trade_type': 'Both', 'category': 'Food Processing', 'egyptian_advantage': 2.7, 'location_region': 'Upper Egypt'}"
Rugs Textiles of Egypt,"Zagazig, Egypt",Textiles,374.45,Ghana,Importer,Rugs,Large,2013,info@rugstextilesofe.eg,20175914976,Via Damietta Port,-9.83,USD,365,0,82.99,4.7,11.54,Other Egypt,Textiles - Rugs,198,2,Africa,3,5.0,3.5,"{'trade_volume': 374.45, 'growth_rate': -9.83, 'success_rate': 82.99, 'trade_frequency': 365, 'business_size': 'Large', 'trade_type': 'Importer', 'category': 'Textiles', 'egyptian_advantage': 3.5, 'location_region': 'Other Egypt'}"
Mansoura Fruits Agriculture,"Mansoura, Egypt",Agriculture,1.98,Nigeria,Both,Fruits,Small,1992,info@mansourafruitsa.eg,20196431582,Via Damietta Port,-2.46,USD,3,6,83.35,4.1,5.64,Nile Delta,Agriculture - Fruits,199,3,Africa,3,5.0,3.8,"{'trade_volume': 1.98, 'growth_rate': -2.46, 'success_rate': 83.35, 'trade_frequency': 3, 'business_size': 'Small', 'trade_type': 'Both', 'category': 'Agriculture', 'egyptian_advantage': 3.8, 'location_region': 'Nile Delta'}"
Cairo Fertilizers Chemicals,"Damietta, Egypt",Chemicals,109.09,Bahrain,Importer,Fertilizers,Large,2009,info@cairofertilizer.eg,20153157088,Via Port Said Port,15.15,USD,340,2,85.29,4.6,14.35,Mediterranean Coast,Chemicals - Fertilizers,200,5,MENA,4,4.0,4.3,"{'trade_volume': 109.09, 'growth_rate': 15.15, 'success_rate': 85.29, 'trade_frequency': 340, 'business_size': 'Large', 'trade_type': 'Importer', 'category': 'Chemicals', 'egyptian_advantage': 4.3, 'location_region': 'Mediterranean Coast'}"
